,text
8348,보이는 금액과 실 결제금액이 다릅니다 카드 입력 후 결제가 어렵고 에러가 나서 다음 화면으로 넘어가지 않아요
8349,할인 정보 알람을 껐는데도 계속 알람 오고 알람 설정 페이지는 맨날 인터넷 연결하라고 뜸 인터넷 연결돼서 숙소도 검색되고 유튜브도 잘 틀어지는 데
8350,신용카드 결제하기가 왜 그렇게든지 무한 루프 타다가 포기
8351,아고다 캐시 적용 후 예약 도 중 결제 실패해서 다시 했더니 아고다 캐시가 없어졌네요 적은 금액이라 고객센터 연락 안 하고 그냥 결제했네요
8352,알림 설정 시 혜택 알림과 필수 알림 분리 안 됨
8353,어플 오류로 만원 날림 결제 페이지에서 자꾸 꺼지는 현상이 발생하고 예약 확정 메시지도 안 옴 그래서 결제 진행 안 된 걸로 확인하고 몇 번 다시 시도했는데 나도 모르게만 원 결제되어 있었음 고객센터 전화해도 결제 페이지에 서 버튼을 눌렀기 때문에 환불 불가하다고만 답변 받음 결제 페이지에서 분 넘게 지연되는데 그게 결제된 거라고는 생각도 못 함어 플 좀 제대로 만들었으면 다시는 아고다 안 쓸 듯
8354,어플이 중결제 사기 호텔 월 예약한 게 월에 또 이중 결제당해서 바로 당일 문의했으나 결제 취소는 여행 온 이 순간도 안 되고 있음 그냥 자기들 설계로 사기 치는 때 곧 있으면 고발해서 압류시키든가 대통령 민원 넣어야지 경찰서부터 들려서 고발 들어갑니다 민사소송은 별 도구요 나는 시간도 많고 돈도 있다 각오해라
8355,아고다와 익스피디아에 문제점 결제 오류 환불 불가능 모든 건 고객이 책임져야 한다 조금 더 지불하더라도 호텔 사이트 이용하세요
8356,여기는 죄다 미안하다 죄송하다 개선하겠다는 말뿐이네요 미안하고 죄송한데 개선할 의지는 도무지 안 보임 망하고 나면 미안하고 죄송해서 개선하세요 ㅋㅋ
8357,앱 자체는 구동은 불만이 없지만 앱 설계 의뢰한 아고다 정책의 수수료비 포함 가격 띠어서 낚시하고 결제 시 세금 및 수수료 끼여서 결제시키는 시스템은 사실상 허위 과대 과장 광고로 봐도 뮤즈ㅜ방
8358,직관적으로 호텔 정보를 볼 수 있고 결제 시스템이 편리해서 다른 앱보다 사용성이 좋습니다
8359,카카오페이 결제 시 할인된다길래 카카오페이 결제로 선택했는데 카카오 파이로 연결이 안 되네요 ㅋㅋㅋ 제 폰      친구 폰  으로다
8360,다른 곳에서 할인받을 수 없던 호텔 뷔페를 예약하려고 검색했을 때 다른 한 곳과 데일리호텔이 확인되었고 예약할 방법을 확인해보니 다른 곳은 호텔로 유선전화를 통해 그 해당일 사이트 예약이 가능한지 확인 후 티켓을 구매하여 또 유선전화하여 예약 완료를 하는 번거로움이 있는 반면 데일리호텔은 그냥 앱에서 예약하고 결제만 하면 돼서 반신반의하며 예약했는데 바로 예약 확인 문자가 오고 다음날 해당 호텔에서 확인 전화도 오고 전날도 오고 자리도 너무 좋았습니다 어느 정도 식사가 끝났을 때도 자리에서 결제 완료되었다는 결제 영수 증 가져다주시고 데일리호텔 이용하길 너무 잘한 것 같아요 다음에 호텔 이용할 때는 항상 이용해야겠어요
8361,결제와 취소의 과정이 쉽고 편리해요
8362,야  자보다 좋아요 주차장 유무나 크기 기계식이든지 등등 주차장 알고 가기에는 훨씬 좋아요 나머진 비슷비슷하고 요 카드 할인해주는 거 정직하게 해줘서 좋네요
8363,매력적인 안내 고 맙습니다
8364,왜 카드 결제하려 하는데 결제 화면이 안 나옵니까 아니 이게 무슨 말도 안 되는 버그에요 결제를 못하는 게 말이나 됩니까
8365,결제 실수로 취소하려면 개고생입니다 ㅋㅋ 순간의 액정 탭 실수로 한번 나간 돈은 내 돈이 아닌 것 같은 기분이랄까 모든 상거래가 환불 규정이 있을 텐데 너무 이기적인 회사 위주의 정책이네 요 출장 업무 때문에 당일 예약했는데 카카오페이 개인 통장으로 결제되어 법인카드로 다시 결제하는 과정이 너무 번거롭네요 사용자 위주의 결제 취소 개선이 필요합니다 암튼 결제 조심
8366,예약 시스템 개선 필요 예약하면 미리 예약되어 있어서 취소하라는 답변을 종종 받습니다 여기 사이트 왜 이렇게 허술해졌나요
8367,싸게 숙소 예약해서 좋긴 한데 한국에서는 세금 따로 계산 안 하니까 포함된 금액으로 표기됐으면 좋겠음
8368,절대 비추천 오전 시에 숙소 예약 및 결제 완료 시간 뒤 숙소가려고 예약 조회해보니 결제방식 문제 오류로 결제가 되지 않았다고 합니다 결국 다시 재어 결제했는데 잠시 후 오전 시에 결제된 건 이 정상적으로 결제 완료된 걸로 조회됐어요 결국 이중 결제 아고다 어플로 취소하려고 했으나    채팅 기능은 진짜 쓰레기보다 못한 수준이었고 구글 검색을 통해 고객센터 전화를 어렵게 찾은 후 고객센터에 전화했으나 상담원이 내가 영어를 잘못한다는 이유로 비웃고 조롱했습니다 두 번 다시 아고다서 비스를 이용하지 않을 것이며 추천도 하지 않을 겁니다
8369,숙소 가격이 다릅니다 아고다에서 메인으로 보이는 요금이 달라 요 결제 시 부가세가 따로 붙고 요 숙소에서 추가 요금을 또 받네요 정확한 정보가 매우 부족해요 너무 상술이 느껴져서 몇 년 동안 이용했던 아고다인데 갈아타려고요
8370,편리 굿 결제 오류 배드 카카오페이 결제하려는데 자꾸 앱스토어가 열리고 카톡 누르고 들어가면 결제창이 안 뜨 네여 결국엔 숙소까지 찾아와서 결제했어 여결 제 문제 빼고는 다른 앱보다는 더 나은 거 같아요
8371,세금 포함 금액으로 바로 볼 수 있게 했으면 좋겠어요 버튼이 있을 거 같은데 찾기 드네요
8372,계속 서비스를 개선하려는 노력에 박수를 보냅니다
8373,일 자동 결제로 선택했는데 지금 결제 가능할까요
8374,여러분 진짜 아고다 이용하지 마세요 개인 정보 카드 절대 등록해 두지 마시고 요 인터넷에 아고다 예약 취소 검색해 보시면 아실 수 있으실 거예요 분명히 첫 번째 결제 취소됐다고 해서 다시 했는데 이 중 결제됐고 요 호텔 체크인 후에 알아서 취소하려고 하니 전화 안 받습니다 해외 호텔이라 말도 잘 안 통하고요 제 뒤에 다른 한국 분들도 계셨는데 그분들도 결제 확인이 안 돼서 호텔에서 또 결제하라고 했다고 하시며 만원 날렸다고 하십니다 저도 만원 넘게 날리고 지금 여러 방도로 알아보고 있지만 해결이 안 될 거 같네요 남은 여행 기간이 아주 즐겁겠습니다 망해라 아고다
8375,번 정도 앱을 이용해서 투숙했습니다 당일 급한 예약 얼리버드 예약 등 몇 번 해봤는데 보기 편하게 되어 있고 바로바로 업데이트되어 좋습니다 우선 가격이 제일 저렴합니다 다른 호텔 통합 검색보다 여기가 더 저렴합니다 그리고 데일리호텔은 상담원의 일처리가 매우 만족합니다 늦은 밤 시간에도 호텔 취소할 일이 있었는데 어려움 없이 해결해주셨고 이번 제주여행 때도 호텔들이 풀 부킹이었는데 바로바로 확약해 주셔서 어려움 없이 여행했습니다 한 가지 개선해야 될 건 쿠폰 사용 시 설명을  조금 더 자세히 있으면 좋을 것 같아 요 카카오페이 쿠폰이 왜 적용이 안 되나 녹색 창의 찾아봤는데 다 소진된 거였네요 대체적으로 매우 만족합니다
8376,예약 확인이 안 돼요 로그인을 해는 데로 그인 하라 자꾸 뜨고 결제 전 금액과 결제된 금액이 다르네요 예약 확인이라도 돼야 이제 세금이 포함돼서 그런 건지 확인이라도 하는데 자꾸로 그인 오류라 뜨네요 내 정보 보기에 가면 로그인은 되잇는데 오류가 너 뮤 심해요
8377,정말 비추이네 요 절대 사용하지 마세요 결제 수단 변경 때문에 취소하고 다시 예약해서 이용 잘하고 기분 좋았는데 뜬금없이 대금 결제한 게 나온 거예요 황당해서 고객센터 문의했더니 규정이 체크인 시간 전에 취소는 환불이 안 된다고 체크인 한 시간 전에 결제하고 분 후 취소하고 결제했는데 무슨 이런 날 강도 같은 답변이 있는지 정말 어이가 없네요 절대 사용하지 마세요 편리하게 사용하라고 만든 앱 아닌가요 이건 소비자 등 처먹는 앱이네요 ㅜㅜ
8378,카드 결제 불편합니다 바로 결제 시 현금결제 가능하면 좋겠습니다
8379,이 중 결제 사기 치는 중입니다 개인 기록 삭제하세요
8380,친절하게 안내해주는 어플이 있어서 안심이에 요 벚꽃놀이 갈 때도 예약할 거예요 번 얼 써 연도에 작성했네요 ㅎ년에도 여전히 잘 이용하고 있는 저 같은 사람 상주세요 ㅎㅎ
8381,숙박 영수 증급해 죽겠는데 예약하기 전엔 바로 보내줄 수 있단 식으로 해놓고 예약하고 퇴실하니까 이메일로 발송하는데 하루 이틀 걸린다면서 일날 신청한 게 아직도 안 오네요 고객기만 아닌 가요야 놀 자로 예약할 걸 괜히 여기어 때로 예약해 가지고 스트레스만 받네요
8382,해외든 국내든 객실을 예약하고 결제하기 편하다
8383,결제에서 네이버 페이 결제 수단이 보이다가 안 보이다가 하네요 세금 및 봉사료 포함 금액 기재하라고 고객들이 요청하는 데 이제 바꿀 때 되지 않았는지
8384,완전 쓰레기 앱 결제할 때 수수료 세금 더해서 총 만 원이라더니만 얼마 결제됨
8385,최악임 환불하는데 달 걸림 최소가 한 달이라고 한 장난 하나 돈을 줘야 다시 예약을 하지 여행 가지 말라는 거임이건 국내 앱 사용하세요 외국 앱은 이제 거르고 본다 개월 돼서 환불 확인하니 아직 안 됐다 항공사에 확인하니 환불됐단다 아고다에 연락하니 다시 개월 걸린다고 말을 바꾼 다 이럴 거면 항공은 예약 서비스하지 말든가
8386,카카오페이 할인 광고만 띄워놓고 결제 화면에서 튕깁니 다 프로모션을 걸지를 말던지
8387,여기어때는 좀 발전을 바란다 이러다 숙박업계 어플에서 없어진 타짱 나는 경우 많은데 짱 나서 그냥저냥 쓴다 왜 자꾸로 그 인도 튕겨 있고 찜목록도 다 없어지고 당 최 뭐 하시는 겁니까 매크로 답변만 주거장 참 만족을 드리지 못해 너무 죄송하면 개선을 해야죠
8388,사전 인증에 알림    이 어떻게 해도 안 되는데 뭐가 문제인가요
8389,아고 다카 카오 페이 결제가 안 돼요 ㅠㅠㅠㅠㅠㅠㅠㅠㅠㅠ
8390,해외든 국내든 숙소 예약은 아고다에서만 거의 다 했네요 다른 불편한 점은 그다지 없지만 예전처럼    국민카드 원화 결제 서비스는 다시 진행됐으면 좋겠네요 수수료도 안 내고 참 좋았었는데
8391,아니 결제 직전에 자꾸 돈이 오르냐 장난 질치는 거 같아서 짜증 나네 들어가면 만원 결제 직전에 자꾸 천원 인상됐다고 나오는데 장난질기만 하는 거 같아서 짜증남걍
8392,아고다 앱과    접속으로 확인한 가격이 다릅니다 또한 특정 리조트에 원하는 날짜에 원하는 객실이 분명히 있음에도 불구하고 결제하기를 누르면 방금 모든 객실이 완료됐다는 메시지가 일연 속으로 뜨고 있네요 스마트폰 앱과    모두 동시에 다른 예약 사이트 다 뒤져봐도 저희가 원하는 리조트 그 객실이 없더군 요 아마 아고다에서 독점하고 있으면서 가격을 장난치고 있는 듯
8393,너넨 왜 즐겨찾기 등록도 없니
8394,여행이나 호캉스할 때 정말 유용하게 잘 사용하고 있어 요 투숙 일정에 대한 알림이나 특가 알림 등 전체적으로 빠지는 거 없이 소식 전해주고 있어 지금은 없어서 들 안 될 어플이에요
8395,할인이 되는 것처럼 하고 안 된다든지 캐시백을 직접 신청해야만 된다든지 캐시백 후 금액을 보여줌으로 실제 결제금액에 혼동을 줘서 이용이 불편합니다
8396,뭐냐 이거 요금 짜증 나네만 얼마 뜨길래 결제했더니 만 얼마에서 캐시백 해서 만원
8397,편리하고 좋아요 다만 금액이 박 당 가격이 아니라 총 금액으로 그리고 세금 포함 가격으로 표시되어 직관적으로 숙박비를 알 수 있었으면 좋겠습니다
8398,이벤트 하라고 알림 온 하라며 했잖아 근데 왜 자꾸 알림 온 하래 개똥같이 만들어놔 네 진짜
8399,최악의 어플이네 요 카드 결제는 되었는데 어플은 완료 창으로 넘어가지도 않고 기술적인 문제가 있다는 메시지만 뜨네요 이런 경우 카드 결제가 안 되는 게 정상 아닌가요 여행 가기도 전에 정말 짜증 나게 하는 어플 이런 어플 더 피해 보지 않게 조치하세요 우리만 그런 게 아닌 것 같은데 별은 안 주고 싶은데 진행이 안되는 관계로 개 투척
8400,항공편 절대로 사용하지 마세요 검색하는 공항 외에 주변 공항까지 한꺼번에 검색 보여줘서 거의 잘못 예약하게 합니다   공항에서   공항으로 가는 항공권 검색하면 주변에 있는   공항에서   공항으로 가는 티켓까지 다 보여줍니다 공항끼리 서로 주변에 있어 봐야 얼마나 가깝게 있겠어요 결국 잘못 예약하면 일정 망치는데 검색하는 공항과 다른 공항 표는 따로 표시도 안 해주고 모두 섞어놔서 더 잘못 예약하기 쉽게 만들어버립니다 여기서 예약하면 환불도 거의 못 받아서 불편한 일정 감수하거나 비행기 푯값 손해 봐야 해요 정확하게 검색된 티켓만 보여주는 게 어려운 일이 아닐 텐데 이 정도면 사용자한테 돈 뜯으려고 일부러 헷갈리게 만들어 놓은 겁니다
8401,편리한 결제 합리적 가격 빠른 일정 변경
8402,카드 결제 입력 개빡침
8403,아니 최저가라 해서 결제하려고 카드 등록도 다하고 결제했는 게 갑자기 세금 봉사료 가격이 확 뛰어오르는데 이거 내는 건 괜찮아요 그래도 결제하기 전에 좀 알려줘야 되는 거 아닌가요 결제하고 알려주는 건 뭐죠 처음부터 세금이랑 봉사료 포함해서 알려주셨으면 좋겠네요 최저가로 가격 올리기만 하지 마시고
8404,가격 정보를 제공할 때 최종 결제금액으로 제공 바람
8405,카카오페이 결제 왜 안 되나요 결제창에서 안 넘어가요 오류 뜨고 ㅡㅡ
8406,국내뿐 아니라 해외에서도 편하게 예약할 수 있어서 좋습니다 예약 변경 시 고객 응대도 빠르고 만족합니다
8407,카드 인식 잘 안되고 무슨 자꾸 은행을 왜 쓰래
8408,예약했는데 결제를 다른 카드로 다시 재어 결제하려면 어디에 물어봐야 하죠 고객센터가 엉망이네요 답변 부탁드려요
8409,숙박 앱이 많지만 이거만 쓰게 됨 데일리호텔 하나로 만족
8410,동의를 다했음에도 불구하고 결제가 몇 십분 동안 안 됨
8411,개명해서 이름을 바꾸려는데 어플로 바꾸려고 해도 찾을 수가 없어요 카드 사용자도 개명된 이름인데도요 개인 정보 변경하는 것도 쉽게 바뀔 수 있게 해주었으면 좋겠어요
8412,제가 아고다에서 비회원으로 숙소 항공권 예약했는데 어디에도 예약 확정이나 예약 정보를 볼 수가 없어요 계속 로그인만 하라고 하고 이미 결제 완료는 됐는데 어떻게 된 건지 알려주세요
8413,숙박 대전은 개뿔 낚시네
8414,분위기 전환을 기대하는 커플들에게 강추 썸으로
8415,뭔렉부터 신용 카트 결제 장애까지 가지가지 네
8416,카드은행을 영어로 표기하는 것 불편하였음 보통은 카드만 사용해서
8417,매일 밤 시면 데일리호텔 앱을 새로 고침 해요 그만큼 저의 여행에 등 공신이라고 할 수 있는데요 숙박부터 식음료 액티비티까지 점점 발전하는 모습이 뿌듯합니다 늘 좋은 가격 훌륭한 패키지로 잘 이용하고 있어요 단 아쉬운 점은 예를 들어 카드 교체 같은 시스템 시 없어서 취소 후 재결제를 해야 되더라고 요 데일리호텔 이벤트 특성상 그 시기가 지나면 가격이 오르거나 서비스가 빠지거나 하는데 단순한 결제 변경 같은 것은 서비스되길 희망합니다
8418,다른 앱들보다 싸서 좋다 단점 카드 결제할 때 비자카드밖에 없어서 놀랐다
8419,현장 결제 선택했는데 새벽에 돈이 빠져 나 감ㅋㅋㅋㅋ 바로 결제할 거였으면 더 할인받고 결제했겠죠 할인 포기하고 현장 결제 선택한 건 그만한 이유가 있어서인데 지 마음대로 면 굳이 선택란을 왜 만듦 예전에는 저장된 카드로 좀 오래 본다 싶으면 자동 결제되더니 그때 도 난리 쳐서 겨우 환불받았었는데 그 이후로 다시 이용한 내가 잘못이지
8420,항공권 호텔 예약 시 이 어플만큼 신뢰 가는 것 없습니다 코로나로 해외에서 격리하게 돼서 일주일 만에 성수기 귀국 비행기 표를 예매했어야 했는데 다른 사이트들은 값싼 유령 티켓들로 어 그로만 끌었지만 아고다는 실속 있고 저렴한 진짜 티켓을 팔았습니다 덕분에 집에 무사히 갈 수 있었고 호텔도 믿을 만한 어플 중 알고 다 가 가장 저렴합니다 진짜 감사합니다
8421,공간 대여 그 등록되어 있는 업체가 많지 않아서 아쉬움
8422,리조트 만 원에 예약했는데 확정이 안 된다고 나오더니 확정이 안 돼서 스케줄 하나도 못 잡았는데 낮에 전화해서 취소해달라니까 위압급만 오천 원 내라고 하네요 그럼 확실하게 확정 처리를 해주던가 확정 처리가 안 돼서 취소도 안 되게 만들어 놓고 이 어플 때문에 스케줄 완전 엉망 숙소가 확실치 않아서 이러지도 저러지도 못하고 최악이네요 ㅠ 최소한 확정 처리가 안 될 때는 결제가 되었더라도 취소할 수 있게끔 해놔야 되는 거 아닌가 상담원 통해 취소하려고 해도 상담원 시간이 아니라서 연결 안 되고
8423,왜 글이 삭제됐는지 이미만 실인 곳이 예약 가능 상태로 나옵니다 한 군데만 그런 게 아니고요 여러 군데가 요결제까지 다했는데 숙소에서 연락 와서는 만실이니 취소해 달라고 했어요 그렇게 예약이 차 있는 곳인데 결제까지 되게 해 놓는 어플 여기어 때 어떠냐고요 무지 별로입니다
8424,왜 점은 없나요 폐업한 호스텔은 왜 등록해 놓으신 거죠 홍대의 모호 스텔을 일날 ㅡ일날 숙박하는 걸로 예약해서 결제까지 다했는데 가서 추위에 몇 시간을 기다렸습니다 하지만 알아보니 폐업한 지 이미 오래된 호스텔이었고 저는 숙박도 환불도 받지 못했습니다 다시는 아고다 사용하지 않을 것이며 다음날 중요 세미나가 있어서 서류 작업이 급히 필요했는데 시간은 시간대로 날리고 돈은 돈대로 날렸습니다
8425,데일리호텔 앱은 한눈에 찾아보기 쉬운 구조로 만들어져서 사용이 편하고 좋은 조건의 숙소들이 다양하게 준비되어 있어 만족스럽습니다 앞으로 더 자주 이용하게 될 것 같습니다
8426,아고다가 좋은 이 이 결제도 편하고 취소도 편하고 다른데 보다 싸다는 게 강점임 전 외국 호텔 잡을 때 아고다만 사용해요 다른데 보지도 않음 결제 무료 취소가 진짜 진짜 강점임 빠르고
8427,아고다로 예약 결제 후 확정에서까지 받았습니다만 일 뒤에 갑자기 숙박 호텔에서 안 된다는 이유로 반려되었습니다 전날에 확인하고 진짜 곤혹스러웠습니다
8428,이야 이렇게 쓰레기는 처음 봐요 로딩도 무한이고 한 번 얻어걸리면 최종 결제값 불러오는데 두 시간 동안 소요되다 실 결제는 되지도 않고 ㅡㅡ와 가격만 최저 면 뭐 합니까 쓸 수가 없는데
8429,  위에 별점이 부족할 정도의 완벽한 앱입니다 어느 앱보다 저렴하게 안내해주는 대한민국 박을 위한 동반자입니다
8430,만 원이라 해서 클릭하면 만 원으로 오르는 마법 보이는 금액이랑 결제금액 다름이건 사기임
8431,정말 개판이네요 울산 펜션 일일로 예약해 금액도 결제했고 지금 여기 와 있는데 방이 없다고 합니다아고 다 막아놓은지 한참 되셨다고 하는데 이미 전 결제까지 다 해놓고 펜션 와 있는 상황인데 이게 말이 됩니까 제 돈은 둘째치고 지금 방이 없어 난리인데 이 밤에 전 어디로 가야 하나요 진짜 본사 찾아가서 엎어버리고 싶네요
8432,별개 주는 방법은 없나 날짜 잘못 예약해서 변경하려고 하니 호텔 측에서는 해주겠다는데 여기어 때에서 안 된다고 함ㅋㅋㅋ 생돈 날렸는데 왜 호텔에서 된다는 걸 자기들이 안 된다는 건지 시스템이 이해가 안감 내가 이 딴 쓰레기 어플 왜 엘리트 회원하고 있었는지 다시는 안 쓴다
8433,왜 점인지 다른 댓글들 보시면 앎 쿠폰 일일이 찾아야 한 예약 대기 상품은 예약 확정 전에 취소가 안됨 예약하자마자 쿠폰 찾는 경우가 존재 일주일 전 위약금 있는 숙소의 경우 속 뒤집어짐 결제하자마자 분 뒤에 쿠폰 찾아서 취소하고 결제하려고 하니 결제 순간부터 취소 불가능담 날 확정되니 위약금 구간 ㅡㅡ 그 뒤로 안 쓰고 있는데 이 어플 안 써도 충분히 대체 가능함
8434,부가세 프로 빼놓고 결제금액인 척 광고하다가 결제 시 세금 붙여버림이 거 과장 광고입니다
8435,가장 좋은 점은 보이는 가격이 실제 결제가격을 보여주는 거라고 생각해 요 기분이 중요한 여행 및 숙박 앱에서 타 앱들을 보면 실제 결제 시엔 수수료가 추가되어 돈을 더 지불하는 기분인데 데일리호텔은 그렇지 않아 좋습니다 앱   도 세련됐고요 다른 어플들도 동시에 사용하고 있는데 이벤트도 많고 가격도 저렴한 편이어서 결국 많이 알아봐도 예약은 여기서 하게 되는 거 같습니다 좋은 서비스 만들어주셔서 감사하고 계속 이용할 생각입니다
8436,드디어 자동 결제 카드 등록됨 맨날 하려 해도 안 되다가 야호
8437,매번 여기   때만 이용하다가 이번에 부산 여행 가면서 설치했는데 여기   때 온갖 쿠폰 내려받아 때려 박은 가격보다 숙박비가 대체로 더 저렴해서 여기 통해 예약했습니다 데일리호텔 통해 예약 비낀 전용 이벤트도 풍부해 보이고요 개진할 의견이 있다면 호텔 측 정책인지는 모르겠는데 인기 룸은 숙박 어플에 안 풀고 데일리호텔뿐 아니라 다른 어플 모두 호텔 홈피 통해서만 예약되던데 호텔이랑 딜을 잘 하셔서 이런 곳도 예약 가능하게 조율해 보면 어떨까 해요 ㅋㅋ 글 구인 기숙사 얼리 체크인 이벤트도 더 활성화되면 좋겠습니다 인기 숙소는 잘 안 해주더라고 요 ㅠ아님 추가금 결제해서라도 얼리 체크인 사전에 예약하는 기능이 구현되었으면 해 요 몇몇 관광지는 체크인이시라 얼리쳌인이 절실하더군 요ㅠ
8438,별 하나도 아깝다 예약자 변경도 안 되고 한 달 전에 날짜 변경도 안 되고 코로나로 급하게 일정을 변경해야 함에도 할 수 없다고 하는 여기는 어떠냐고 너희는 진짜 아니야 참고로 여기어때 호텔 타임 같은 회사임
8439,단점 꼭 봐주세요 장점 원하는 조건의 숙소를 쉽게 찾을 수 있음 결제가 쉽고 빠름 예약 취소도 쉽고 빠름환 불금 방됨 단점 표기된 금액은 세금 수수료 봉사료 미 포함된 가격임 결제하기를 누르면 금액이 최소 만원 이상 오름 할 인 쿠폰 사용방법이 간단하지 않음 회원 탈퇴하려면 메일로 보내야 함ㅅㄱ
8440,다들 왜 이런 사기 어플 쓰시나 요 당일까지도 확정 문자도 안 오고 통보 없이 갑작스레 밤에 만원 넘게 결제돼서 호텔 측에 전화했더니 아고다에서 예약한 거라 자기들도 사람이 안 오길래 그냥 결제했다면서 아고다에 연락하라고 했습니다 그러고 연락했더니 해결해준다면서 주 넘게 연락도 없네요 만원 가까이 날리고 어이없네요 ㅠ 실망입니다 제 글을 보셨다면 제발 이 어플을 지우시길 바랍니다 선택은 여러분의 몫이지만 저는 이런 적이 한두 번이 아니라서 이 어플을 지우렵니 다 뉴스에 아고 다 관련 호텔 예약업체 사기 관련으로 많이 올라와 있더군 요ㅎㅎ
8441,쓰인 가격과 결제금액이 다르다
8442,자동 결제 주의하세요 숙소 현장 결제로 예약했는데 계약에 없는 박선경 제한다는 메일 왔네요 예약번호 금액 다르길래 오류인가 했는데 확인서 보니까 예약번호가 굵은 글씨 한 개 잘 안 보이게 얇은 글씨 한 개 이렇게 두 개 임금액은 엉뚱한 금액 수십만 원 선 결제할 뻔했습니다 카드 등록 신중하세요
8443,호텔 예약할 때마다 사용하는데 저렴한 가격에서 치하기도 편하고 예약 전 알람 서비스까지 너무 좋아요 엄청 만족하고 사용하고 있습니다
8444,해외 리조트호텔 검색이 잘 된다 좋음
8445,할인 혜택도 많고 해외여행 갈 때 호텔 예약하기 편하고 좋아요
8446,지웠다가 오랜만에 쓰는 건데 예전보다 한국 사람 스타일에 맞춰 많이 변경됐네요
8447,별점 하나 주는 것도 아깝네요 사실 점 아고다 피해 사례는 진짜 쏟아져 나와 요 카드 등록도 뭐 잘못 누르면 결제되니까 조심하라고 하고요 결제했을 때 안내된 가격보다 많이 결제됐어요 이거 진 짜 다시는 안 씁니다
8448,오류 심하고 예약이랑 결제다 완료했는데 결제 중이라 뜨고 계속 오류 뜨고 이십만 원 버렸음 예약 취소 제대로 안 돼서 나중에 멀리 해외 갈 때는 안 쓰는 게 좋음 예약 취소 넘더디고 예약 취소하려니 상담원 연결도 잘 안되고 한참 기다리고 개선 필요함
8449,다른 호텔 예약 어플에 비해 훨씬 저렴하게 방 구할 수 있어 요 근데 결제 최종 금액이 생각보다 비싸서 다시 창 나갔다가 들어가니까 반값으로 다시 측정된 건제가 아직 어플이 미숙한 탓인지 좀 이상하네요 어쨌든 좋습니다
8450,처음엔 어려웠는데 자꾸 써보니 뭐 근데 요금 좀 처음 이야기랑 계산될 때는 꼭 몇 천 원씩 더 붙어요 물론 필요에 의해 더 붙겠지만 괜스레 기분이 그다지 좋지 않아요
8451,다운 수는 많아서 신뢰는 되는데 어플 항목 동의 신뢰가 뚝 떨어짐 필수 항목 개동의 눌렀는데 동의하기 버튼 안 눌러짐 스크롤은 안 내려져서 개항 옥 밖에 안 되는데 모두 동의하기 하면 다음으로 넘어가진다 어플 사용자에게 알리기 싫은 동의 항목이 존재한다 그게 마케팅이든 뭐든 소비자가 알아야 하지 않나 생각함
8452,카카오페이 지원해서 너무 빠르고 편합니다 리뷰가 솔직해서 좀 꺼리는 곳을 확실하게 거를 수 있어서 믿음이 가요
8453,아고다 해외 프로모션 많아서 좋아요 얼른 해외여행 갈 수 있길
8454,호텔 목록에서 하나 보고 다시 목록 나가서 다른 호텔 예약했는데 날짜가 초기화돼서 당일로 예약이 돼버렸습니다 예약 후세 시간 후 알게 되어 날짜 변경이든 취소 후 재결제 든 하려고 했는데 모든 게 안 된다고 하고 고객과 실이니 자기들은 모른다고 하네요 ㅎ야놀자 쓰다가 여기어 때 괜찮나 싶어 몇 번 써봤는데 구관이 명관이라고 야놀자가 시스템이든 대처든 모든 면에서나 은 것 같습니다 이상한 시스템으로 사용자 지갑 새게 해놓고 문의하면 소비자 바보 만드는 어플 앞으로 쓸 일 없어서 삭제합니다 수고하세요
8455,결제해도 결제 완료가 안 되어서 다시 결제했더니 돈이 이중으로 나가네요 그러고서는 바로 취소도 안 되고 고객센터는 연락도 안 받고 결국 생돈 날 피네요
8456,예약 결제하고 돈 빠져나간 문자까지 받고 호텔에 갔는데 멋대로 예약이 취소되어 있어서 현장 결제하느라 돈이 더 나왔어요 일방적인 예약 취소 건은 문자도 안 오고 처음에 예약 안 되어 있단 말에 전산 오류인 줄 알았더니 여기 어플 잘못 돈 좀 아껴보겠다고 괜히 여기 사용하면 피 봐요
8457,결제하기 누르기 전 가격과 결제 화면 넘어가서 가격이 다름 사기꾼 새끼들
8458,좋다 나쁘다를 떠나서 유용하게 사용하고 있어 요가 끔 숙박 필요할 때나 기분 전환 겸 호텔 찾아갈 때나 정보를 확인할 수 있다는 것이 장점인 거죠
8459,데일리호텔 그냥 최고 어렵고 높기만 한 느낌의 호텔을 가깝고 친숙하게 만들어 준 최고의 호텔 앱 그렇다고 호텔의 이미지를 망치지도 않고 호텔 고유의 품위와 멋을 유지하는 능력이 있는 앱이 다 지금까지 단 한 번의 버그도 없었고 디자인적인 혼란도 없었다 기획 디자인 개발 삼박자가 모두 잘 어우러진 최고의 앱 ㅎㅎ 항상 잘 되길 바라고 더 돈 많이 벌어서 다양한 이벤트를 더 많이 해줬으면 좋겠는 앱 ㅎㅎ
8460,여기어때 앱으로 결제하고 가면 현장에서 결제한 것보다 천원 더 비싸네요 여행 갔는데 기분 더러워집니다 거간 비천원 먹는 여기어때
8461,별 거지 같은 어플 다 보겠네 상위 객실로 변경해 달라는 데 변경도 어렵고 취소도 안 된다는 게 어디 있냐 예약한 지 시간 밖에 안 지났는데 분지 나면 변경이 안 된다고
8462,카카오 파이로 결제하면 만원 이상 할인 최대 만 원은 어떻게 돌려받는 거죠 결제는 만원 다 하는데 나중에 돌려주는 건가요
8463,하지만 이런 눈 뜨고 코 베인 경험은 정말 처음 이제 요 숙박업소 연락하여 직접 문의하면 여기어때 가격보다 더 저렴하게 숙박 가능하세요 최저가란 단어는 어울리지 않는 거 같습니다 요즘 코로나로 인해 비대면 결제 시스템을 구축해 놓은 숙박업소가 많습니다 저는 속초에 있는 모 숙박업소에 평도 안 되는 곳에 여기어때를 통해 박에 약 만원 성수기 결제하였는데요 그곳의 비대면 현장 결제 시스템에서는 같은 방의 가격이 만원 정도였고 명이 지내기에 작은 평수여서 방과 거실이 분리된 더 큰 평 수조회 하니 만 원이었네요 당일 조회 건의라 그럴 수도 있겠거니 했는데 그다음 주 날짜도 여기어 때 가격과 현장 가격 거의 배차이나던데 씁쓸하네요 당일 안 사실이라 환불도 안 되고 떼어먹어도 너무 떼신 거 아닌가요
8464,와이프랑 결혼기념일로 제주도 다녀왔는데 평소에는 비싸서 잘못 가던 호텔과 리조트를 아주 알찬 가격에 다녀왔네요 원래 다른 앱들과 번갈아가면서 썼는데 멤버십 등업 이후로 여기어 때 가격이 제일 저렴해서 다른 앱들은 지워버렸습니다 좋은 숙소 저렴한 가격에 계속 이용하도록 부탁드려요
8465,아리 뷰 쓰고 사진 등록하는데 계속 튕겨서 화나게 썼던 글 계속 날아가고 이거    관리는 어떻게 하는 어플인지 카카오랑 결제 시스템 연계시켜서 사용자 많은 늘리는 것 같은데 어플이나 똑바로 만들고 하세요 이게 뭔 일 후 리뷰 쓰다 포기하고 야 놀 자로 갈아탑니다
8466,저는 앱을 쓰지도 호텔을 예약하지도 않았는데 여기어때 카톡에서 알림이 오고 호텔 측에선 제가 예약했다고 문자가 오네요 어떻게 된 일일까요
8467,예약 후 결제까지 완료됐는데 자동 취소 처리가 됐습니다 이미 결제금액은 카드에서 빠져나갔는데 말이 죠 혹시나 해서 다시 예약 후 결제를 했는데 또 취소가 되더군요 이미 번이나 결제를 했고 돈은 나갔는데 제가 예약 취소한 것처럼 처리가 되었습니다 이게 뭔가 요번이나 결제한 금액을 환불받으려면 수일이 걸릴 텐데 돈만 받아 간 꼴이 아닙니까 무슨 이따위 시스템이 다 있죠 다시는 이용 안 합니다 환불이나 빨리해주세요
8468,속초 월드 비치 예약하려다가 취소돼서 다른 방으로 잡고 놀다가 저녁에 만원 결제되었다는 황당한 문자 왔습니다 저희는 속초 월드 비치가 서 직접 취소해달라 요구하니 노쇼 정책 때문에 안된다는 말만 들었고요 결제한 적도 없는데 만원 결제되었다는 문자만 받았네요 환불도 안되고 아고 다나야놀자 숙박업체 피해 사례가 많은 듯합니다 예약하는 것도 카드 등록하시는 것도 조심하세요
8469,결제할 때 버그가 좀 있긴 했지만 그래도 가격이 저렴한 게 잘 나와서 잘 쓰고 있음
8470,여기로 알아만 보시고 결제는 하지 마시길 일반 홈페이지 호텔 가나 펜션이 더 쌈 만원 차이 나길래 문의했더니 여기어 때에서 동의한 결제로 고객님이 실수한 거라고 상담사가 답함
8471,결제 카드 등록 들어요
8472,결제 전 숙소 금액보다 결제할 때 금액이 더 나옵니다 왜 그렇게 되는지 나와 있지 않아 불친절하다고 느껴집니다
8473,봉사료 수수료도 표기 금액에 같이 나왔으면 좋겠어요
8474,앱 사용하면서 편리하게 찾고 예약하고 이후 일정에 관한 알림을 받아서 여행 일정에 도움이 많이 됩니다 앞으로 자주 이용할 거 같아 조별 다섯 개
8475,카드사 선택 꼭 확인하세요 확인 안 하면 해외 달라 결제됨 수수료나 감전 화해도 취소 불가 건은 변경조차 안됨 결제 시 안전장치 그 딴 거 없음 바로 결제 ㅋㅋ 마지막 아고다일 것 같고 그냥 몇 만 원 더 내더라도 다른 거 쓰고 말 듯 별 하나도 아깝다
8476,결제 카드 잘못 골라서 서비스 담당자에게 호텔 카드 변경 요청도 안 되고 돈 날리게 생겼어요
8477,매물 종류가 다양하고 예약 결제 절차도 간단해서 편리하게 사용할 수 있었습니다
8478,카드 등록도 안 해놨는데 한 예약 건에 시간차 두고 중복 결제됨 서비스센터 전화번호도 안 나와 있고 챗봇은 예약번호 확인만 하다 끝남 최악의 앱 중복 결제 처리되는 대로 바로 삭제하고 다시는 안 쓴다
8479,예약을 월일에 했는데 일에 보니 예약 취소도 안 되고 업데이트 하라 해서 하고 다시 들어가 보니 할인되는 금액도 더 늘어나서 더 싸게 예약이 되네요 예약을 미리 하는 경우가 많은데 누군 더 비싸게 하고 누군 더 싸게 하면 같은 날 다른 금액으로 같은 곳을 쓰는 건 좀 그러네요 처음으로 예약한 건데 별로 네오
8480,간편 하이 쓰기 쉬움
8481,앱에서 예약 확인이 안 돼요 예약 취소해야 되는데 결제 내역은 있고 예약 확인은 안 되고 어플 문제가 아닌지 컴퓨터로 사이트 접속해도 똑같이 안 돼요
8482,할인되는 방을 잘 안내해줘 요 근데 서비스료가 포함되는 경우 미리 계산에 반영해 볼 수 있게 같이 안내해주면 좋겠어요
8483,쿠폰 사용할 수 있나 상담 전화하니까 상담사가 취소는 자기가 할 테니 저보고 다시 결제하래요 결제 창가니까 금액이 십만 원이 나 올라가 있네 요 금액 이상 이하다는 공지 못 받았고 책임지지 못할 거면 취소를 하지 말던 가저한테 다시 예약하고 싶으면 십만 원을 더 내라네요
8484,디테일 있고 가격도 저렴해서 대만족
8485,한번 결제에 방 하나만 가능한 대방 여러 개를 한 번에 결제 가능한 기능 추가 좀 해주세요 매번 현장 결제 번거롭네요
8486,가장 큰 호텔 예약 어플은 아니지만 개인적으론   와 예약 결제 시스템이 편해서 애용하게 되네요
8487,세금 및 부대비용이 포함된 가격이라 계산이 편하고 숙소 가격도 다른 곳 대비 저렴해서 자주 사용하는 앱입니다
8488,와 신용카드 제휴 할인 링크로 들어가면 결제 오류계 속 반복되고 신용카드 정보 틀렸다고 애매모호한 메시지만 다른 제휴카드로 바꿔 들어가도 똑같음 결국 포기하고 할인 안 받는 걸로 캐시 삭제 후 비싼 가격으로 결제하는 건 성공함 ㅋ 한두 번 이런 게 아님
8489,최근 개월간 아고다로 건 예약했고 체크아웃 처리 안 된 것까지 청번 이용 중인     고객인데요 요청사항이 있습니다 다른 건 문제가 없는데 요 문의사항이 있어서 아고다로 채팅할 때 문의 목록에 없는 질문 기타 질문을 하고 싶을 때 질문할 수 있는 카테고리가 없어서 매번 포기하게 됩니다 문의 항목에 기타 포함시켜 주세요 저번에는 카카오페이 결제가 계속 안 돼서 몇 번이나 다른 결제로 하게 돼서 할인 혜택도 못 받았어요 그러니 문의 항목에 기타 항목 꼭 추가해주세요 안 그럼 다른 앱으로 갈 아탈 지도 모릅니다 아 그리고 카카오페이 결제하면서 할인받으면 할인 쿠폰 중복 할인은 안 되나요
8490,결제가 번거롭고 어려워졌으며 다른 페이지로 결제가 넘어가고 가격이 상향되며 자꾸 취소가 됨
8491,아고다에서 결제했는데 결제 내역에 호텔 예약 정보가 안 뜹니다 예약 정보가 안 뜨니 예약번호도 모르는데 문의하려니 예약번호를 입력하라 하네요 취소도 못하고 내 돈 물어내 사이트 거지 같음
8492,결제하는 데 로그인이 자꾸 풀려 재로 그인 하느라 당일 날로 예약을 잘못하게 되었네요 끝까지 확인 안 한 내 잘못도 있지만 어플 잘못도 있다고 봅니다 예약 시점 이외에는 별다른 알림도 없고 내 돈만 날렸네요 잘못 예약한 내 잘못이 다 이거죠 이제 여기어때 안 쓸랍니다
8493,다 좋은데 왜 결제하기 직전에 요금이 인상되는지 모르겠어요
8494,예약 간편하고 좋지만 예약 시에 호스트와 예약번호 안 맞음 이름 닉네임으로 돼서 확인 시에 문제 있음 전화번호도 호스트에 제공 안돼 확인 불가 구글로 가입해서 그런 듯
8495,가격이 결제할 때 바뀌어 서 비싸게 결제됐는데 취소 불가하다고 떠서 어쩔 수 없이 변경도 못하네요
8496,숙박 대전 이용하려고 들어가려고 했는데 계속 점검 중이네요 사전 예약해놔서 타 어플 이용도 못하고요 타 어플은 잘 열리는 데 이따위로 운영 좀 하지 마세요 역겹네요 진짜
8497,현장 직접 결제 항목이 있어서 좋긴 한데 훨씬 비싸네요 ㅠㅠ
8498,자동 결제가 됩니다 그리고 취소가 안 된다네요 확정이라서
8499,당일 예약 시에 하고 결제까지 다 하고 숙소로 가는데 시간 지나 서 숙소에서 일방적으로 취소함 예약 대기 시스템 때문에 괜찮다는데 이게 말인가요가 고 있던 저희는 늦은 시간이어서 예약도 새로 못하고 애들 데리고 여행 가려다 똥 밝았습니다
8500,쿠폰 사용해서 숙소 예약했어요 다른 곳에 비해서 더 저렴하게 예약했고 카톡으로도 알림이 뜨니까 좋아요 결제도 편리하게 했어요
8501,결제 튕겨서 다시 들어가니까 가격 올라 있네요
8502,카드 결제 시 할부 기록이 없네요
8503,더 편리해졌단 소리나 안 했으면 주의주의 앱 사용 시 조심하세요 결제 시 기본 세팅되어 있는 날짜 오늘 날짜로 예약됨 결제하고 바로 분만에 결제 취소 또는 일자 변경 요청 전화함 결제 취소 절대 안 된다고 하나만이 해 안 간이게 당연함 그럴 거면 오늘 날짜로 기본 세팅되어 있으면 안 됨 날짜 선택 안 한 고객은 다시 한 번 확인하라는 알람 떠야 함 그게 아니라면 바로 정정은 가능해야 함리뷰 보니까 계속 문제인 것 같은데 개선 노력은 하는 건가요 적어도 분내 취소는 가능해야 하는 거 아닌가 요 시스템 그 지인 거 자기들도 인정하는 거 같은데 상식적으로 일하셨으면 해발 사도 아니고 분내 취소도 안 된다고
8504,갑자기          에서 십만 원 결제가 되었습니다 결제하지도 않았는데 어떻게 된 건가요 빨리 카드 취소해주세요 개인 정보 노출된 건가요
8505,결제일 예 약으려 하려니 자꾸 동의를 하라는 데 동의 체크란이 없어서 지금 결제하게 만드는 상술
8506,예약부터 결제까지 편리해서 좋았습니다가 격인 내도 잘 돼 있었고요 다음에도 타지 갈 때 예약 때 또 이용해야 할 거 같아요
8507,세금은 제하고 올라온 가격이라 금액 차이가 비싸요
8508,예약 확정 문자도 안 보내는 쓰레기 앱
8509,카드 정보를 저장해서 결제할 때 편해요
8510,항상 아고다를 이용해서 해외여행 다니며 숙소랑 항공 티켓 구매를 하는데 저렴하고 신속히 해결할 수 있어 좋다
8511,사용하고 할인받는 느낌이 들게 어플을 잘 만들어 놓았다 하지만 직접 숙박업소와 연락해서 예약을 잡는 것이 더 할인율이 높을 때가 많다 특히 국내 숙박은 숙박업소와 연락하는 편이 쉽다 최악의 단점으로 갑자기 해외 승인으로 돈이 빠져나가는 경우가 발생한 다문 제는 국내 고객센터가 없어서 확인 승인 취소가 불가능하다 말 그대로 해외 불법 스팸 어플 기능을 수행할 때가 있습니다 지금 해외 결제된 돈을 못 받고 내 계좌에서 빠져나간 돈을 환불 못 받고 있다 한국인이라면 폰에서 아고다 어플 을지 우시 길 추천합니다
8512,아고다 사용 비추합니다 앱에 제시된 대로 인원수 명 조식 포함으로 룸 결제했는데 체크인 시 호텔에는 명으로 예약되어 있더군 요명 추가 요금 때문에 체크인 때 호텔 측에 문의하니 아고다에 확인하라고 근데 아고다에 고객센터는 없는 겁니까 계속 챗봇과 시름하다가 속에 천 불이 납니다 도대체 어디로 연락해야 되는 건가요 다행히 호텔 측 정책이 세미만은 무료라 숙박비 추가는 환불받았으나 조식은 추가로 비용 지불했네요 ㅡㅡ
8513,카드 이용 시 할부 이용 안내가 없어 연 박시 불편함
8514,결제 카드를 등록한 것이 다음번 예약에서도 적용 안 됩니다 결제 기능 개선하세요
8515,편하고 좋아요 한국 사람들에게 맞게 카카오페이 됐으면 더 편할 듯해요
8516,편해요 등록 가맹점도 많고 가격도 싸네요
8517,아고다 어플 사용하기 불편함 쿠폰 써지는지만 보려고 숙소에서 결제 클릭하고 최종 결제 창 뜨면 취소하려고 했는데 최종 결제 찬 뜨지도 않고 그냥 바로 예약되버리네요 예약된 숙소에 전화해서 취소되냐 물어보니깐 안 된다 하네요 예약이라 방문 안 해도 자동 결제된다고 한 흔히들 아는 예약이라는 단어 뜻이 아닌 예약 결제 줄임말인 듯 이런 사기성 같은 어플 처음 보네 지인들한테도 이 어플 쓰지 말라고 해야겠네요
8518,표시된 요금은 시간용이고 일숙박은 표시된 요금보다 만 원만 천 원 더 주라고 함
8519,고지된 금액이랑 결제금액이 다르잖아요 ㅋㅋ
8520,상품 금액이 결제금 애 과다릅니다
8521,최저가로 만족스럽게 호텔 예약했어요 체크인 날짜 디데이도 알려주고 좋아요
8522,현직 호텔 종사자인데요 가격 차이로 뭐라 하는 분들 가격은 무조건 숙소에서 관리하는 거입니다 금액 차이로 기분 나쁘면 어플 이용하지 말고 직접 호텔 결제하세요 그럼 금액 변동 없으니요
8523,일단 나와 있는 가격이랑 결제금액이 다르고 요 결제가 막히기도 하고요 만 원이라고 미끼 던져놓고 막상 만 원이 결제돼서 호구될 뻔했습니다 숙소 예약 오류 때문에 시간을 끙끙댔네요 탈퇴도 이메일로 보내야 탈퇴할 수 있다는 게 어처구니 없네 요 리뷰 보니까 카드 등록해두면 해킹도 당할 수 있다네요 범죄에 이용되기도 하고 예약 내용이 도중에 바뀌기도 하고 결제 시 가격이 달라지고 아주 가관이네요 제가 이용해 본 모든 어플 중에 최악입니다 다른 숙박업소 예약 어플 많은데 그걸로 하세요 모든 지 이것보다는 나을 겁니다
8524,아고다에서 결제한 적도 없는데 오늘 아침에 갑자기 만원 빠져나갔다고 은행에서 알람 왔는데 돈 돌려주세요 전화도 안 되고 뭐 하자는 겁니까
8525,여기어때는 보상체계가 좋지 않습니다 피해 받았는데 상담원이 미안하다는 말만 하지 업체가 보상체계는 없으니 참고하세요 다른 어플 쓰시는 것을 권장합니다
8526,호불호가 많이 갈리긴 하는데 개인차니까 요 근 더 리뷰를 젤 많이 보고 가네요 이런 앱 좋아요
8527,지인 소개로 이 어플 있다는 걸 알게 됐습니다 직접 가서 호텔 체크인하려는데 직접 결제하는 것보다 할인율이 높아서 그 자리에서 어플 설치했습니다 덕분에 저렴한 금액으로 잘 쉬었습니다 앞으로도 자주 이용할게요
8528,세금 포함 최종 가격 올려주는 기능은 없나요 혼동되네요
8529,좋아 요 렌터카 항공권 호텔 예약 가능하고 편해요 다만 여행 일정을 짜고 여행지 간 거리나 정보 등을 일목요연하게 볼 수 있으면 좋을 텐데 그런 기능이 제 눈에는 안 보여서 아쉬운 점 남겨요
8530,업데이트 너무 별로 고만 원 이상 객실 왜 만원 이상 결제 시 만원 할인 적용이 안 되나요
8531,필터로 설정한 금액과 실제 결제금액이 다른 점이 살짝 아쉽지만 전반적으로 맘에 듭니다
8532,내 여행에 맞춤형 정보를 제공해주는 앱이에요 특히 호텔 예약 시 달력을 클릭하면 날짜별로 금액이 나와서 일정 잡기도 너무 편하고 좋네요 자주 이용할 예정이에요
8533,호텔항공권 렌터카까지 여기서 일괄 예약하고 다녀옴
8534,금액 지출이 영수증보다 더 나왔는데 그 지출 내용을 상담원도 모르고 추가로 안내해 줄 부서도 없다네요 공익적인 목적으로 작성합니다 쓰지 마세요
8535,제주도 비행기 표 엄청 저렴합니다 놀이 티켓도 엄청 저렴하게 살 수 있어요
8536,인이 이용할 숙소를 검색하고 예약했는데 체크인할 때인 추가 요금을 따로 내야 했다 다 계산이 된 걸로 알았는데 한 번에 결산이 끝나도록 개선이 필요하다
8537,월일 기준으로 이용내역이 분리되던데 그 이전 이용내역 개월이 지난은 볼 수가 없는 상태네요 어떤 이유로 이러한 것인지 모바일 앱에서만 볼 수 없는 것이라면 어떻게 내역을 확인할 수 있는 것인지 안내라도 표시해 놓아야 할 것 같습니다 이 변경 사항을 알기 위해서 개정된 이용약관까지 뒤져보는 번거로움이 필요한가 싶은데요 간단히 사용자가 보는 화면에 간략한 안내만 해놓아 도 서로 편리하게 되는데 말이죠
8538,숙박 대전으로 가격 오름ㅎ
8539,도민인데 제주항공권 끊으려고 깔았다가 디자인도 깔끔하고 결제도 편리해서 계속 쓰고 있어요 육지 갈 일이 많아서 항공권을 자주 끊는데 매번 발권 수수료 내기 싫어서 원래는 검색해보고 항공사 사이트까지 들어가서 바로 끊었어요 그러다 보니 어디서 예약했는지 따로 적어놔야 해서 불편했는데 마이리얼트립 수수료 없는 거 안 뒤로는 그냥 이 앱에서 계속 끊어요 도민이지만 ㅋㅋ 주말에 뭐 할지 찾을 때나 육지에서 지인들 놀러 온다고 할 때도 종종 들어가 보는 데스 눈 피가 든 같은 곳 티켓싸 게 구매할 수 있는 것도 좋아요 호핑 투어나 미술관 도슨트처럼 특이한 프로그램 많아서 은근 구경하는 재미도 있고 암튼 제주항공권 끊을 일 많은 분들께 추천합니다
8540,가족이랑 제주여행 가려고 항공권 알아보다가 발견한 앱이에 요항 공권 최저가라고 홍보하길래 혹시나 해서 항공권 가격비교해봤더니 진짜 최저가 맞더라고요 다음엔 가격비교하는 시간 낭비하지 않고 마이리얼트립 예약해도 될 거 같아 요항 공권사는 김에 렌터카도 마이리얼트립에서 예약했어요 렌터카 후기 많아서 믿고 구매했습니다 가격도 저렴하고 여행 정보를 한곳에 모아볼 수 있으니 정말 편하네요
8541,앱 몇 년째 사용 중인데 가끔 제주항공권 프로모션 나오는 거 잘 보면 만 원대에 예약할 수 있는 게 꿀입니다ㅎㅎㅎ 최근에 지인이 마이리얼트립에서 제주 렌터카 스타렉스 만 원에 했다고 렌터카도 추천해줘서 덕분에 잘 썼어 용 ㅎㅎ 가격비교하기도 쉬워서 여행 앱 중 필수 앱이라고 생각합니다 내년에 해외여행 열리면 더 자주 사용할게요
8542,해외여행 다닐 때 좀 쓰다가 최근에 제주도 항공권 광고 보고 다시 깔아서 사용해봤는데 젤 싸긴 함 ㄷㄷㄷ 항공 사공 홈에서 보는 거랑 가격 차이가 없길래 왔다 갔다 비교하는 게 너무 귀찮았는데 괜찮은 듯 이번에 이 친구랑 제주도가 나서 서핑 강습도 마리트 통해서 하고 왔는데 굿굿 디자인이 깔끔해서 좋아 혀
8543,해외여행 다닐 때부터 제일 저렴해서 구매해 왔는데 알고 보니 국내 여행 티켓도 많더라고요 혼자 제주도 여행 다녀왔을 때 또래분이랑 현지 가이드 투어할 수 있는 상품이 되게 좋았어요 ㅋㅋㅋ 제주도 항공권도 비교가 쉽고 제일 저렴해서 여기서 구매했습니다 사용하기 편리해요
8544,결제 과정이 선택항목에 따라 번거롭긴 하지만 할인된 금액에 편리하게 예약할 수 있어 급작스러운 숙박이 필요할 때 좋습니다
8545,조심하세요 잘못 결제하는 순간 프로가 차 없이 떼어갑니다 강도 수준별 한 개도 아까움
8546,체크카드나 카카오페이 토스 같은 결제도 추가해주세요 너무 한정적이네요
8547,예전에는 해외여행 갈 때에 주로 사용하던 앱인데 최근에는 제주여행할 때도 매우 유용하게 사용하고 있어 요 최근 엄마와 모녀 여행으로 제주여행을 갈 때 여기서 최저가 항공과 입장 티켓 다양한 투어 감성 숙소를 모두 이용했는데요 하나같이 매우 만족합니다 특히 이번 제주여행에서 가장 좋았던 것은 제주 바다를 보며 플라잉 요가를 하는 특별한 경험을 할 수 있었던 것입니다 덕분에 매우 만족스러운 여행이 되었어요
8548,정말 최악인 듯 일단 결제하는 순간 체크인 시간이 넘으면 환불이 안됨 여기어때는 체크인 시간이 지났더라도 분 안에는 취소가 가능함 결제 후 취소하려고 고객센터에 수십 번 전화했으나 받지 않음 단순히 온 결제한 건에 대해서 취소를 막아놓는 게 정당한 건지 모르겠네요 관련해서 소비자 보호원에 민원 제기하겠습니다
8549,최악의 예약 시스템과 최악의    직원 응대 수준 예약 건이 신용카드 승인 실패하였다고 부킹닷컴을 통해 해 알람을 받았고 바로 부킹닷컴에서 카드 정보를 업데이트 조치회를 하였습니다 부킹닷컴에서 카드 결제 승인에 실패했다고 알람이 와서 당연히 부킹닷컴에서 카드 결제가 되는 줄 알았으나 숙소 측에 별도로 이메일 내 결제 링크를 통해 결제해야 하는지는 숙소 측과 통화한 부킹닷컴 직원을 통해 취소 이후에 알게 되었습니다 당연히 다른 호텔처럼 부킹닷컴 내 등록한 카드로 결제가 되는 줄로 알고 있었지 이메일 내 링크를 통한 결제 방법에 대해 전혀 모르고 있었습니다 이처럼 별도 결제해야 하는 경우에는 부킹닷컴에서 카드 정보를 업데이트해야 할 이유가 없는 대 알람이 오고 부킹닷컴 내에서 카드 정보를 바꾸게끔 요청하는 시스템에 문제가 있다고 봅니다 나는 이번 일로 신혼여행 첫날 호텔 예약을 취소당하여 최악의 신혼여행을 보내게 되었고 부킹닷컴과 해당 숙소에 대한 대응과 처리 시스템에 대한 최악의 평가를 합니다
8550,운전 경력 년 개월인데 렌터카 정보가 없음
8551,유선 연결이 거의 안 돼서 시간 낭비 장난 아니고 예약 변경 시 타 여행사 대비 고액의 추가금을 요구합니다 결국 취소하고 다른 곳 예약해서 만 원 더 싸게 했습니다 첫 가격도 타 어플이랑 같은 거지 싼 편은 아닙니 다 절대 예약 변경할 생각 없고 귀찮으면 여기서 하셔도 되는데 진짜 이번에 시간 낭비 너무 심하게 해서 전현 타오네요
8552,페이백 해준다고 해놓고 번 넘깨섯 늣데 안 해줌 여기어때로 갈아탐
8553,카드 등록은 하는 게 없나요 카드로 결제하려니 계속 잔액 부족이라고 떠서 드네요
8554,국내 숙박도 해외 원화 결제 적용되는 점은 아쉽네요
8555,신중하게 결제하세요 결제 후 급한 일 생겨 일정 변경하려 했으나 취소 변경 안 돼서 돈 날렸습니다 모든 업체에서 마이리얼트립으로 결재했으니 마이리얼트립으로 문의하라고만 하고 마이리얼트립은 주말엔 고객센터 운영을 안 하니 방법이 없네요 결제 시 신 중하세요 별한 개도 아깝네요
8556,개월 지났으니 비밀번호를 변경해 달라고 뜨는 데 개월 뒤에 변경하기를 눌러도 도 비밀번호 찾기를 시도해도 아무것도 안 먹히고 알 수 없는 오류가 뜹니다 결국 그 화면에서 넘어가지도 못하고 앱을 지웠네요 최악이라는 말밖엔 할 말이 없군요
8557,카드 등록하는 게 너무 어렵네요 비자 말고 유니언 패이라고 적혀 있는 거 등록했는데 안 된다고 해서 다시 등록한다고 등록비 달러만 번 결제되고 ㅡㅡ 비자만 된다고 적어놓이시던지 처음 하는 저는 좀 어렵네요
8558,야자 카드 발급할 때부터 이용하던 곳인데 여전히 만족하며 이용하고 있어요
8559,편리한 결제와 무인시스템 한눈에 많은 정보를 보고 리뷰로 공유할 수 있어 편리하고 좋아요
8560,개인카드 결제나 법인카드 결제가 쉬운 게 제일 좋고 쿠폰도 많이 주고 할인율도 좋음
8561,신분증도 필요하고 사진도 찍어야 하고 카드 등록은 했는데 달러 뺏어가고 원화로 결제가 안 돼 달러로 결제를 또 바꾸고 여러 번의 삽질 끝에 겨우 등록 신분증 사진과 현재 모습이 달라 또 안 되는 건 아닌지 요구하는 게 많고 개인 정보 노출 위험이 큰 것 같습니다
8562,앱 깔고 숙소 선택 후 결제했는데 예약은커녕 해외 결제로 달러만 승인되어버렸네요 무슨 일인 거죠
8563,다른 앱은 부가세 별도가 많아 혼란스러운데 여기는 그렇지 않아서 좋아요 결제도 간단
8564,알찬 투어 프로그램이었습니다 많은 눈으로 도로 상황이 열악했음에도 안전하게 그리고 친절하게 투어를 이끌어주신 기사님께 감사드립니다
8565,최종적으로 정착한 숙박 어플입니다 국내 해외 모두 잘 나오고 가격도 좋아서 굳이 여러 어플 쓸 필요를 못 느껴 요항상 잘 쓰고 있습니다
8566,제주여행에 필요한 숙박 티켓을 손쉽게 찾아서 할인받아 샀어요 여행 일정과 예약을 확인할 수 있어 유용했습니다
8567,일정 변경을 위한 예약 변경 시 취소 후 다시 예약하는 불편함이 개선되었으면 합니다 회원정보를 활용하여 재입력을 줄였으면 합니다 전체적으로는 만족합니다
8568,카드 결제 불편 나머지 오케이
8569,예약 중에 룸 컨디션 확인하러 나온 사이에 날짜가 바뀌어서 헛돈 날렸네요 후 숙소 예약 알림은 최소한의 날짜 시간 숙소명 등 기본적인 정보를 기재해 주시면 좋을 것 같습니다 알림 바뀐 줄도 모르고 기존에 전일이나 당일에 알림 받고 갔던 생각으로 기다리다가 뒤통수 시게 맞았네요 어플 유지 보수가 필요해 보입니다
8570,뭐 이 딴 약관을 강제로 동의하게 만드는지 모르겠다 본 약관 제조에는 미국 에어비앤비를 상대로 제기되는 모든 손해배상 청구에 적용되는 중재합의 및 집단소송 포기에 관한 사항이 명시되어 있습니다 약관을 주의 깊게 읽으시기 바랍니다
8571,항공숸 예약하려는데 계속 에러만 뜨네요 제주도 가는 건데 예약 안 되는 건가요
8572,빠른 결제 정확한 정보 다양한 리뷰 간편한 앱    서울에서 제주도까지 어디를 여행해도 믿고 간편하게 예약할 수 있어서 너무 좋네요
8573,친절하고 정말 편리하고 좋네요 타 사 숙박업소와 국 앱 써보고 너무 살망해서 이 앱이 편리하고 좋다는 것을 다시 한 번 느낍니다 한국인은 한국 앱을
8574,사기 ㅜㅜ 네이버에서 항공권 검색하고 분명히 왕복 대한항공으로 예약하려고 했더니 예약으로 넘어가기 전 잠깐 동안만 출국 편이 진에어로 탑승하게 된다 어쩐다 뜨고 금방 사라져서 설마 하고 결재 결재 후에 내용이 진에어로 변경되어 있어서 캔슬 하려니까 수수료 헉 발권도 꼭 홈피가 서 굳니 찾아야 되고 너무 불편
8575,지금 예약한 항공권은 여행사에서 발권할 시간이 부족하여 예약과 결제가 불가능한다고 나오면서 예약이 취소됐던 데 지금 월인데 올 항공권 발권할 시간이 부족하다는 건 무슨 말인가요
8576,어르신들이 이것저것 만지다가 방 괜찮다고 예약했는데 다음날 방주인이 전화 와 서 추가 요금이 있다고 해서 부랴부랴 전화해서 취소하려고 했더니 위약금 만원 넘게 지불해야 한다네요 그것도 이틀이면 만원 넘게 예약할 때 잘 살펴보세요 하루 지났다고 위약금 취소가 안 된다 하면 누가 가겠나 그런데 다 펜션 주인은 아무 말 안 하는데 위약금 얘기해서 기어코 받겠다는 야놀자 진짜 소비자가 호구 다 야놀자 다운로드해도 방 몇 개도 없더구먼 진짜 여긴 하자임
8577,예약한 정보를 왜 이렇게 찾을 수가 없나요 예약 카드를 눌러도 예약한 숙박이 전부 뜨는 게 아니네 요도 대체 어디서 찾아야 하나요
8578,초보자도 쉽게 이용하도록 부탁해요 아고라 사용했다가 오만 오천은 날렸어요 예약 확인 문자도 오지 않았는데 돈만 날렸어요
8579,여행을 위한 숙소 준비를 위한 최고의 어플이 예용 가끔 분위기 전환을 위한 호킹 스도 찾아보기 짱짱 급하게 알아봐도 항상 만족스러운 어플
8580,호텔 이용을 스마트하게 하려면 필수입니다 퍼센트 이상의 할인 혜택 때문에라도 꼭 사용하게 되네요
8581,랜선 투어 결제해서 봤는데 링크로 유튜브 채널 하나 보내주고 그럼 당연히 그거 뿌리면 돈 안 낸 사람들도 공짜로 볼 수 있는 거 아닌가요
8582,결제창에서 결제 완료하고 카톡으로 예약이 완료되었습니다라는 메시지까지 봤는데 내일 여행 가려고 일정 확인하려 보니까 미결제 상태라고 취소됐네 요 카톡 다시 읽어보니 그 아래에 결제 요청 부탁드린다고 적혀 있는데 장난하나요 어플 오류로 결제가 안 됐으면 예약 완료라고 하지 말던가 실제 결제 완료될 때랑 결 제안됐을 때랑 카톡이 똑같이 오면 누가 아래까지 읽어요 예약 번호 받고 예약이 완료되었다는 멘트까지 봤는데 어플 오류로 이제 와서 취소됐다고 그러면 취소 시간 전에 알람이라도 주던가
8583,결제수단에 페이코나 네퍼 같은 륙 체크카드도 있으면 좋겠어요
8584,중복 예약은 서비스 수수료 안 돌려줌 쿠폰 결제 후 취소하면 쿠폰 다시 안 돌려줌 개월 안에 번 취소하면 서비스 수수료 또 나감 그래놓고 호스트가 예약 취소 일방적으로 한 거에는 책임 안 짐 시스템 자신들을 위해 진짜 잘 만든 듯 수수료 자체도 높고 카드 결제 후 원화 될 때 비용도 올라가니 확인하고 결제하세요 예약할 때 엄청나게 신중하게 하시길 바랍니다 우리나라 어플들에서 다 가능하던 게 여기서는 다 안 되니 너무 답답하네요
8585,거릅니다 방금 뉴스도 봤는데 그런 시스템에 자신들의 잘못 들에 대한 제대로 된 보상안을 내지 않은 점에서 신뢰가 불가능하고 요 ㅅㄱ
8586,점도 아까워요 예약 확정받고 나서 일후에 취소돼서 물어봤더니 문자는 예약 확정 예약 대기나 똑같이 발송되니 사용자가 상품 예약할 때 예약 대기라고 쓰여 있으니 잘 보면 된다며 문자 발송이 똑같아도 지금 다시 들어가 보면 예약 대기 보이죠라고 사용자가 왜 외워야 하나요 왜 헷갈리게 문자는 똑같이 예약 확정이라고 보내주나요
8587,결제 시스템에 문제가 있음부킹다컴에서 결제했는데 호텔에서 또 결제해야 함
8588,앱으로 식당만 이용하다 숙박은 처음 이용해봤는데 좋았습니다 어느 사이트처럼 결제할 때 숙박 세나 봉사료 가봉 사료가 추가되는 게 아니라 최종 소비자가가 표시되는 점이 특히 좋았습니다
8589,예약하고 결제하려는 데 결제창이 데이터를 찾을 수 없다며 안 넘어가지 네오 이거 때문에 그 시간대 특가 비행기 다른 사람한테 뺏겼습니다
8590,카드 등록도 안 되고 폰 인증 문자도 안 날아온 속 터지는 어플임 그냥 다른 어플 이용하세요
8591,티켓 예약 확정이 됐는데 예약 내역을 찾을 수가 없네요 예약 번호만 알고 있으면 가서 말하면 되나요
8592,항공편 예약이 왜 안 되는지 답답하네요 검색된 항공편이 하나도 없다는 안내만 되풀이됩니다 친구 폰으로는 같은 날짜와 시간으로 멀쩡하게 비행기 표들이 뜨는데 말이죠
8593,이거 결제수단 등록했는데 이용 불가면서 달러 결제는 왜 되었나요 해명해주시고 결제한 거 빨리 취소해주세요
8594,결제수단 등록만 미리 해봤는데 달러가 결제가 되네요 원래 이런 건가요 결제 수단 등록 시 결제된다는 아무런 안내가 없었는데 요황당 등록 수수료인지
8595,거참 예약 결제만 하면 되는 화면에서 카드 종류 선택 탭 누르면 앱이 멈칫하면서 앱 홈 화면으로 가버리는데 번을 반복하니까 꼴 받네 이거 결제 카드 등록을 미리 따로 해둘 수도 없게 해놨네 하아
8596,제주도 여행 시 특별한 추억으로 체험 프로그램이나 원 데이 클래스 원 데이 요가 같은 거 하고 싶어서 우연히 이 어플 알게 되었는데 제주도에 이렇게 많은 체험 프로그램 원 데이 클래스가 많은지 몰랐어요 여기서 다 찾아볼 수 있고 결제까지 되니 편리하네요
8597,결제 카드 추가하니까 바로 달러 결제가 돼버리는 건 뭐죠
8598,어떻게 평점이 이렇게 높은 건지 항공권 예약하려고 들어갔는데 요즘 흔하디흔한 간편결제가 하나도 지원되지 않고 카드사 전 등록도 안 되고 모든 정보를 항공권 예약 시마다 일일이 기입해야 됨 대외 홍보만 열심히 하지 말고 기본적인 프로세스부터 개선하시길 바랍니다
8599,야 놀 자로 어렵게 잡은 여름휴가를 중복 예약이 됐다며 두 번이나 취소해야 된다고 연락이 오네요 시스템상 그럴 수 있고 동의했다며 이틀이나 지나서 어이없습니다ㅡㅡ
8600,인터페이스가 매우 깔끔하고 정리가 잘 되어 있어 호텔을 비교하기 괜찮음 결제도 간편 결제 등록하면 매우 쉬움
8601,월에 브라질에 입국 예정이라 왕복으로 결제 완료했고   까지 됐는데 이 티켓 정보를 보려니까 화면이 안 떠요 어플이나 홈페이지 다 안뜸 전자 항공권이 티켓 출력해야 하는데 볼 수가 없으면 항공권은 수속할 때 어떻게 교환하나요 고객센터도 상담 톡만 운영하고 이러한 문제는 답변도 받을 수 없게 되어 있네요 월에 브라질에 꼭 가야 하는데 항공권에 문제가 생긴 건 아니겠죠 빠른 답변 바랍니다
8602,굿 가격 굿 여행 파트너 마이리얼트립
8603,급하게 예약하고 시간 조율이 안 돼서 다른 날로 변경 원한다 했더니 프로 위약금 물어야 한다는 게 이해가 안 되네요 아무리 투숙일 전이라고 해도 취소한다는 것도 아니고 다른 날짜로 변경하고 싶다고 하는데 위약금을 프로 문 다이 거 완전 배 째라는 식의 장사치 싶네요 한두 푼도 아니고 위약금만 만 원인데 ㅡㅡ쌩으로 만원 날리게 생겼네요 소비자 생각 하나도 안 하는 어플저 같은 피해자분들이 많은 것 같은데 개선은 안 되고 계속 똑같은 말만 반복하는 것 같은데 보시고 개선 좀 하시죠 호텔 측에 서도 변경 가능한데 어플 자체 이서 변경이 들고 위약금 문다 이건 좀 어폐가 있는 것 같네요
8604,결제가 오류인 건지 먼 지원 결젠데 이 결제됐는데 머죠
8605,개노 답 진짜 결제가 안 되면 어쩌라는 거 다른 사람들도 다 안 된다는데 쳐 수정할 생각은 안 하고 잔고 확인하고 카드번호 확인해보고 안 되면 은행 전화해라 고객들이 너희들처럼 멍청해서 잔고에 돈이 없는데 계속 결제하겠냐 카드번호를 확인 안 하고 계속 결제하겠냐 직원들이 개선 의지를 갖고 개선할 생각을 해야 지출 근시 간 되면 출근하고 퇴근시간 되면 쳐 퇴근할 생각밖에 안 하니까 계속 이 악순환의 반복이지에 효
8606,마이리얼트립대 단합니다 앱 사용하지 마세요 절대로 수수료만 챙기는 앱입니다 같은 날 시간만 변경해도 인당 수수료가 원입니다 명 원 왕복을 부과하네요 대단 한 마이리얼트립입니다 예약 후 하루 만에 요 절대 마이리얼트립 사용하지 마세요
8607,항공권 구매 시 사용 안 하는 게 좋은 어플입니다 시간 내 사전 발권도 안 되고 물론 예약 변경도 안 됩니다 단지 수수료 정책에 따른 환불만 가능할 뿐 유일한 장점으로 왕복 탈 항공권 구매 시 결제를 한 번에 해주는 게 있지만 단점이 너무 크네요
8608,좋아요 ㅎㅎ이 번 제주도 여행 갈 때 잘 사용했어요 ㅋ 숙소 랑 렌터카 할인까지 잘 받았어요
8609,마이리얼트립 이용 제주도 렌터카 저렴하게 놀고 왔어요 강추
8610,안내 좋고 예약 잘 되고 후속 케어도 참 좋네요
8611,해외에 회사가 있어서 결제를 해외 결제 가능 카드를 쓰는 건 좋은데 카드 등록 에러가 너무 심하네요 환불받는 기간도 상당히 길며 제일 어이가 없던 게 첫 번째 상담원이랑 문의 내용으로 얘기를 하는데 이 사람이 무슨 얘기를 하는지 모르겠습니다 그냥 동문서 답급이에요 그리고 두 번째 결제금액이랑 출금 금액이 달라요 환율 드립 칠거 예상은 하는데 그럼 환불받을 때도 같은 금액을 입금해야 정상 아닌가요 근데 왜 이건 기존 결제금액 환불이 죠 차액은 어디로 갔을까 요 인터넷 서치해보니까 호 스트 관리 안 되고 에어비앤비에서 카드 등록정보 관리 못해서 고객들 금전 피해봤다는 인터넷 글도 몇 번 봤는데 그때 그냥 앱 지워야 했는데 후회합니 다 웬만하면 본인 마음에 들지 않으면 사용 안 하고 마는데 이건 아닌 거 같네요 별 개도 아깝습니다
8612,문화누리 카드 이용이 돼서 너무 좋아 요 저소득 계층 분들 전부 유용하게 사용하고 계실 듯하네 요 감사합니다
8613,예약한 가격이랑 실제 가격이 다른 적이 몇 번 있는데 계속 안 고쳐지네요 박에 달러로 마지막까지 체크하고 결제했는데 달러여서 취소하고 다시 예약했는데도 여전히 달러로 나와서 고객센터랑 몇 번씩 전화했네요 캡처를 해둘 걸 캡처를 안 해서 고생 중입니다 ㅠㅠ
8614,게스트를 보호하지 않는 환불 정책과 미흡한 고객지원 시스템
8615,언제나 편리하죠 해외여행 시 렌터카 보험은 부킹닷컴에서 하는 게 좋습니다 한글로 설명된 약관 급할 땐 한국으로 전화 한 통이면 어려운 민원을 끝낼 수 있었던 경험이 있어요 그리고 이번에는 호텔 할인도 받았습니다 계속 좋은 서비스 부탁드려요
8616,호텔이라고 하면 꼭 특별한 날에만 가야 할 것 같고 가격도 부담됐었는데 값싼 가격으로 맘 편하게 이용할 수 있어서 참 좋네요 어플도 편하게 맘 들어져서 클릭 몇 번이면 되고 싸다고 안 좋은 방을 주는 것도 아니고 만족 만족 대만족입니다
8617,숙박비 이외의 결제금액에 대한 설명이 확실해야 합니다 각 도시마다 내는 세금에 관한 설명이 부족해서 체크인 시당 황스럽습니다 앱에서 예약 시 선결제 후 체크인할 때 추가 금액에 대해 인당 복당 유로라고 안내되어 있었는데 실제와 보니 거기에 추가로 퍼센트를 더 내라고 하네요 어떤 금액에 대한 추가 금인지 설명도 없고 임박에 유로 예상하고 왔는데 유로 냈습니다 일단은 내라면 내야겠지만 호텔 측 잘못도 아니지만 여행 첫날부터 기분은 상합니다
8618,예약 신청하는 데 불편한 게 너무 많네요 문자메시지 창에 글자 입력이 너무 어렵고 엄청 짜증 남 결제 수단도 카드밖에는 안 되네 요 입금은 불가
8619,절 때 쓰지 마세요 ㅋㅋ 숙소 정보만 봐도 제 혼자 알아서 결제되고 사용하지도 않고 보지도 못한 숙소 결제되고 제발 이 글 본 분절 때 카드 등록하고 쓰지 마세요 ㅋㅋㅋㅋㅋ
8620,원하는 항목을 찾아서 선택 가능하여 유용하고 빠르게 결제를 할 수 있었습니다 처음 해본 사람으로서 빨리 결정이 가능해 좋았습니다
8621,누락되는 정보가 ㅠ 있습니다 그 부분만 좀 주의하세요
8622,아니 분명밖에 가격만 천 원이라 했는데 막상 결제하면 박에만 천 원으로 덤터기 당하고 박일 결제했는데 수수료가 만 원 어이가 없네
8623,여기서 전 일정 숙소를 예약을 해두면 여행 일정 관리까지 되는 느낌이라 좋네요 무료 취소 환불되는 것도 많고 가격도 총 금액 기준이라 비교하기 좋고 여러 가지로 맘에 들어서 여행 때면 여기서 예약을 하게 됩니다
8624,등롱이 된 신용카드 삭제 어떻게 하나요
8625,굉장히 불쾌하네요 가족 여행에서 숙소 예약을 위해서 카드 등록을 하게 되었습니다 숙소 예약을 하려니 한국 숙소인데도 불구하고 계속해서 다른 외국 숙소 예약 사이트로 연결되더라고요 결재는 되지 않았습니다 승인이 안 된다고 떴음 그게 몇 달 전 일입니다 근데 최근 해외 결재가 되었습니다 저희는 해당 카드를 해외에서 사용한 적도 사이트에 등록한 것도 이 앱뿐입니다 조금 더 보안에 신경 써주시고 다른 분들도 주의하시기 바랍니다
8626,회원가입하고 카드 등록했는데 바로 달러 원이 결제되었는데 이건 무슨 경우인가요 가입비 카드 등록비 이런 건에 대해 아무런 설명도 없고 다시 환급이나 승인 취소해준다는 명시도 없고 결제금액의 크고 작음을 떠나서 참 황당하네요
8627,처음 이용 시 카드 등록하고 사용 가능 여부 확인 때문에 달러 결제 문자 옴 모르고 있다가 식겁했는데 친절하게 상담해 주심
8628,몇 년 동안 국내 여행 및 해외여행 시 잘 쓰고 있어 요가 끔 룸 업그레이드해 줍니다 국내 여행이든 해외여행이든 이때까지 예약했는데 예약 안 되어 있다거나 얘 먹인 적이 없어요
8629,페이백 준다고 이벤트 참여하라고 개인 정보 팔아먹는데 필요한 부분은 대문짝만 하게 써놓고 밑에 유의사항은 안 보이게 어두운 글씨로 광고 배너 한참 밑에 달아놓고 첫 구매에 마케팅 동의까지 받아놓고 페이백은 안 해주네요 발악을 하네요 아주 소비자가 호구인가요 유의사항 일부러 안 보이게 폰트 색 처리해 놓은 거 알아요 소비자 착각하라고 탈퇴 과정은 또 더럽게 귀찮게 만들어서 사용자 개인 정보는 팔아먹고 돈은 아끼려는 수작 진짜 기분 더럽네요 다시는 이 앱이 기업 서비스 사용 안 합니다
8630,계속 이용했는데 이 사이트는 게스트보다 호스트 위주 인사이트 같네요
8631,절대 사용하지 마세요 카드 등록하자마자 확정되지 않은 건 확인도 없이 결제되고 이 앱 사용 후 이틀 만에 뭐가 해킹된 건지 해외 문자로 스미싱 문자 오기 시작했습니다 확실한 건 아니지만 그동안 핸도폰년 넘게 사용하며 이런 스미싱 문자 받아본 적 없고 에어비앤비에서 오던 해외 문자 번호랑 비슷해서 합리적 의심 중이고 한 번 더 오면 사이버 경찰에 신고할 예정입니다 좋은 숙소도 별로 없습니다 절대 사용하지 마세요 진짜
8632,리워드 은 사용하면 세금이 오르는 마법 손절하려고 마지막으로 사용합니다
8633,체크카드 등록했더니 체크카드론 예약도 못하게 해놓고 다른 곳 알아보려고 한 대원이 애어 비엔비에서 빠져나갔네요 어떻게 된 거죠 등 처먹는 건가요 결제를 하지도 않았는 대남의 돈 막 빼가셔도 되는 건가요
8634,숙박지 주하니까 누적되는 금액이 꽤 커요
8635,쓰레기 어플임 예약하고 갔더니 업소가 문 닫고 번호도 정지시켜 둠 환불은 최대 일이나 걸린다고 함 보상은 아무것도 없음
8636,갑자기 주 예약하시려던 분의 내용이 사라지고 메세 지함과 게스트 전환 모드까지 다 사라졌어요 후 만원 입금 건이였는데 후 사전 승인 후 이상하게 모두 사라지는 이거 무슨 에러지요 앱을 다시 설치하니 정상으로 돌아왔네요 고객 회원 이 탈퇴되었더라고요 그래서 에러가 난 건지 모르겠지만 순간 당항 했어요 후
8637,개인적으로 보기 너무 편하고 지원도 많이 해주고 저렴하고 좋습니다
8638,알림 가격과 결제가격이 같아 좋아요
8639,가격이 저렴한 것 같지만 결재 땅 들어가면 세금 및 서비스 요금 명목으로 추가 요금이 발생함 쓰레기 어플이네요
8640,늘 이용 중입니다 다만 실시간 무통장 입금 결제 여부도 있으면 너무너무 좋을 듯싶어요
8641,한국결제 시스템이나 그 외 모든 시스템이 최적화가 별로예요 개발부서가 해외 최적화를 못하는 편인 가봐요 그냥 그럴 거면 한국에 한국 외주를 주지
8642,결제 카드 등록이 어렺고 카드 등록만 했는데 결제는 안 되고 수수료가 빠져나갔습니다
8643,할인 혜택 가능한 멤버십 카드가 결제 창전 자동으로 알려주어서 너무 좋네요
8644,일 때문에 가는 거라 저렴한 방으로 알아보고 예약했는데 방이 만 원인데 서비스 및 부가세가 만원 결제해야 할 금액이 총 만 원이 나와서 깜짝 놀랐네요 확인 안 하고 갔으면 난감할 뻔 예약하실 때 잘 확인하시길
8645,간편하고 결제까지 수월합니다 대체로 가격도 착하네요
8646,카드 말고 계좌이체도 할 수 있게 해라 심하게 불편하다
8647,조와 또 달러 결제는 안 되냐 왜 자꾸 원화만 나오네
8648,수년간 해외여행 때마다 부킹닷컴을 애용한 지니어스 회원입니다 지금 터키인데 갑자기 이곳 모든 도시 이름이 안 뜨네요 서울을 쳐보니까 모든 호텔이 뜹니다 무슨 연유일까요껐 다 켜보고 앱을 두 번이나 제거 후 다시 깔아봤지만 안 뜹니 다 폰에서 달라진 거라곤 터키 툭셀 유심으로 바꿔 낀 것뿐인데요 제발 도움 주시기를 비수기라 예약을 안 하고 왔어요 저는 부킹 팬입니다           
8649,카드 등록 좀 되게 하 소수 수료나 피빨아 먹을 궁리 말고 모기 새기도 아니고
8650,앱 사용성이 대폭 개선되고   가 깔끔해서 좋아요
8651,가격도 그다지 등록된 호텔 서비스도 그다지
8652,부킹에 입금하고 예약 성공서를 받아서 숙소를 갔는데 주인이 다른 사람에게 렌트했다고 방을 못 준다고 해서 여행을 망쳤습니다 환불도 못 받고 있고
8653,전 세계 사용자들 여행 타입이나 국적 등에 따라서 리뷰 필터링하는 기능은 진짜 잘 만들었다고 봐요 한 가지 아쉬운 점은 여행 다니다 보면 분명 미리 예약해서 결제했는데 호스트가 시스템으로 환불해 줄 거니까 현금 결제하라고 협박하는 경우가 많더라고요 특히           들은 당장 다른 숙소를 구할 수도 없고 그만큼의 현금을 가지고 있지도 않아 용돈을 이미 낸 입장에서 또 돈 내라는 말은 무슨 노상강도라도 만난 기분이 고 진짜 환불을 해주는지 어쩌는지 당장 확인할 방법도 없어요 아무래도 탈세 목적 같은데 외국인으로서 상황도 언어도 잘 모르니까 이의 제기 없이 넘어가는데 숙소 측에 패널티를 줬으면 좋겠어요 아니면 이런 내용을 리뷰에 썼을 때 필터링하지 말던 가내가 실제로 피해를 입었고 다른 사람들도 실제로 피해를 입었고 그래서 추가 피해자가 없길 바라며 정성스럽게 쓴 글을 왜 시스템이 악성 댓글처럼 걸러서 없애버리는지 모르겠네요
8654,결제를 하려고 인증 문자를 보내면 카톡으로 오 구 카톡을 확인하면 야놀자 앱이 초기화된다 그래서 회원을 가입하려고 하니깐 또 인증 문자를 카톡으로 보낸 다 역시나 앱은 다시 초기화가 되고 가입할 수도 없다 다른 앱으로 결제할게요
8655,비흡연자를 위한 방이 구별되었으면 좋겠음 가는 곳마다 흡연실 마냥 냄새가 찌들어 있는 곳이 비일비재함이 아이디어 가야놀자에 발전을 주는 피드백이면 좋겠네요 감사합니다
8656,이틀은 기다리라고 해서 기다렸더니 예약 취소 메시지 하나만 보내시는 건 아닌 거 같습니다 예약이 안 되면 왜 안 된 건지 그런 것에 대한 정보 하나 없으니 소비자 입장에선 그냥 답답합니다 제주도 나 일본같이 커뮤니티에서 지원해주는 곳으로 갈 때가 아니면 사용하면 안 되겠습니다 항공권 가격 자체는 괜찮은 거 같은데 좀 아쉽네요
8657,그냥 만원 낼 터 데일리 어플 활용하니 반값에 가능하고 시설이라든지 이런 거 확인할 때도 좋은 것 같네요 이왕 숙박할 거면 데일리 어플 활용하시는 게 좋을 것 같아요
8658,국내에서 국내 결제했는데 외국 회사 라 카드사 수수료가 나오네요 무료 환불이라는 말 믿고 결제했는데 카드사에 문의하라는 답만 받았습니다 다시는 이용하고 싶지 않네요 꼭 숙소 결제로 이용하세요
8659,길에서 카드 주우면 그걸로 방 예약 걸어봐라 이 ㅆ발새들은 카드 소유주 확인도 안 하고 그게 신용 카든지 체크 카든지 구분도 못하면서 카드 정보로 예약을 한다 ㅋㅋㅋㅋㅋㅋ 모바일 결제가 만원인 거 보고 들어가서 결제했더니 만 원짜리 후불 ㅋㅋㅋㅋ 예약에 취소해달라니깐 수수료 만 원 달랜 다애미출ㅌㅏ한ㅅ 들 모여서 만든 ㅅ   ㄱ   앱 아므로 사용하지 말자
8660,결제할 때    제휴사 할인하려고 하는데 모두 동의하고 해도 약관에 모두 동의해야 한다고 뜹니다 어떻게 해결해야 하나요
8661,구성한 산 리조트 요트투어가 너무 시간 때 우기식으로 진행되어 아쉬워요
8662,당일 발권 항공 자리 널찍한 데 시간만 변경해도 될 텐데 취소하라 함 차액만 입금해 면안 되나 수수료만 원 안타까움ㅠ
8663,에어비엔비에 대해 아무것도 모르고 이용하시려는 분들 꼭 읽어주세요 국 내에서만 이용했기에 해외 결제 수수료가 붙을 거라고 생각을 못 하고 있었습니다 이런 생각 하시는 분들 저뿐만 아닐 겁니다 오죽 많았으면 카드사에 에어 비엔 비말 꺼내자마자 바로 해외 원화 결제 차단 서비스 안내하더라고요 ㅋ 나도 모르게 빠져나간 해외 승인 결제로 인한 환전수수료가 만 원이 되네요 만원 결제하면 천 원 카드사에서 수수료로 떼어갑니다 원화에서 달러 달러에서 원화로 전환되면서 이중으로 붙는 거라 하네요 에어비엔비에서는 자기는 만 원만 요청했다 수수료 문제는 카드사에 문의해 라식입니다 문의하면 뭐 합니까 환불되는 것도 아닌데 ㅋ 아니 어찌 됐던 이 앱을 사용하면 카드 수수료가 누가 청구했던 나가는 건데 이 부분에 대해 결제 전에 분명히 경고문을 남겨야 하는 거 아닌가 요 카드 명세서를 확인해야만 볼 수 있는 수수료 저같이 꼼꼼하지 않은 분들은 저처럼 수수료 폭탄 받습니다 개 열받습니다
8664,카드가 등록이 안 되다가 갑자기 똑같은 카드 개가 등록됨 그러더니 달러 번 결제됨 아오
8665,개 좋아요 야 미완점 쨔스맨이 돼버렸자 모아요 ㅎㅎ 무조건 깔아 셈인 깔면 후회할 거임 다 같이 외쳐 요야놀자 필수지
8666,에어비엔비를 사용해서 처음으로 숙소 예약을 했는데 처음 예약 시 결제금액과 실제 결제금액이 다릅니다 나중에 물어보니 이중환전이라고 하더라고 요ㅜㅜ이건 보상되는 건가 용어 떡 해야 합니까
8667,타 어플에 없는 호텔이 있으며 할인 쿠폰도 후한 편 같습니다 타 어플과 달리 청소비 서비스 비 등이 따로 청구되지 않고 메인 화면에서 명시해 둔방 가격만 결제되는 것도 장점입니다 사요 객들의 리뷰 시스템이 잘 구축되어 있기도 하여 전체적으로 만족하는 앱입니다
8668,개똥 같은 해외 앱 한국인이 다시 만들어라
8669,거의 매주 이용합니다 요 몇 주 전부터 갑자기 결제는 되었는데 예약은 정상적으로 완료되지 않았으니 분내에 다시 확인하지 않으면 취소된다는 메일이 오곤 했는데 한두 번은 그래서 다시 처리해서 숙박했으나 메일을 상시 확인하지도 않아서 마지막 번째에 모르고 있었는데 다음날 알고 보니 취소되어 있네요 다시 검색하니 제가 해당 일자에 예약했던 그 숙소는 주가 까이 남았음에도 이미 만실이었고 어쩔 수 없이 아고다를 통해 다른 숙소 예약하게 되었습니다 제가 검색하고 예약하고 심지어 결제까지 한 노력은 물거품이 되는데 아무런 보상을 해주지도 카드 결제 취소뿐 더 이상의 대안을 제시하지도 않는 것이 불쾌합니다 경쟁업체 이용 장려 감사하고 앞으로도 부킹 탓컴 사용을 고려해야겠습니다
8670,이용자 편의성이 매우 우수합니다 결제 이후 금액 등의 정보 관리가 청계적입니다
8671,운임 규정을 보고 증빙서류를 내라고 하라는 데 운임 규정 페이지만 가면 스크롤이 안 되고 멈추다가 어플 꺼짐 네이버 통해 확인하니 허니문 요금이라고 하는데 예약 전에 어떤 화면에도 허니문 요금이라고 명시되어 있지 않음 예약 취소도 맨 뒤 단계에서 누르니 결제로만 넘어가고 안됨 상담원 문의하니 가장 앞 단계로 다시 돌아가 예약 취소해야 한다고 함 네이버를 통해 보는 게 훨씬 더 빠름 너무 불편하고 짜증 나요
8672,자꾸 결제 등록하려 하는데 접속한 도 도달이라고 떠요
8673,만 원이 어플을 사용하며 손해를 본 금액입니다 일정이 변경되어 뒷심 간 비행기를 탑승하려고 예매를 한 뒤에 앞에 있는 것을 취소하려고 조회를 했는데 웬걸 대한항공에는 떡하니 적혀 있는 내 예약이 여기에는 몇 번을 조회해도 조회가 안 되는 신비한 경험을 함과 동시에 일반 월급쟁이가 갑자기 감당하기엔 계획에도 없는 큰 출혈을 받아들이게 생겼습니다 물론 취소를 함으로서 나오는 수수료는 지불을 해야 죠 수수료 지불이고 나발이 고 조회 자체가 안 돼서 만에 가까운 금액을 눈앞에서 날 리 게 생겼네요 ㅋㅋ 제발 이 리뷰를 많은 분들이 보고 일정 변경 따위 꿈에도 꾸지 말라고 말하고 싶네요
8674,뭐 이런 게 다 있나 싶습니다 제공 내용과 실제가 달라 요 애견 동반이라 해서 예약했는데 실제는 아니라 여행 전날 알았고요 덕분에 여름휴가 계획 다 어긋났어요 다른 숙소 알아봐 달라 한 건 결국 맘에 하나도 안 들고 개인적인 디자인을 모두 만족시킬 수 없다 하고 무슨 얘길 하는지 아실 거예요 여행 망친 후 소비자 고발센터 글 쓰고 소비자 보호원에 글 남기라는 말 들으면서 그냥 보상은 포기하려 하고요 다신 그냥 안 쓸려 합니다
8675,특가 상품은 당일 취소도 안 되게 해놓고 전화하면 상담원이 앵무새처럼 똑같은 말만 반복함 카드 변경해서 재어 결제하겠다는 데도 앵무새처럼 똑같은 말만 하면서 안 된 다함 융통성이도 없을 양아 치들
8676,카드    가 자리인데 자리가 안 되니 진행이 안 되네 요 긴급으로 확인 부탁드립니다 카드 등록이 안 됩니다
8677,결제 완료되고 지불할 돈 하나도 없다고 하더니 도착하니깐만 원 달라고 뭡니까
8678,참 좋긴 한데 국내 전용 카드 결제가 안 돼서 아쉽
8679,항공권 다시는 여기서 결제 안 함 수수료로 벌어먹고사는 곳 근데 전화는 또 제대로 안 됨
8680,서비스는 좋은데 결제수단 카카오페이 좀 해주세요 다른 건 할인이 안 돼서 싫어요
8681,가격도 저렴하고 예약도 편해요 대체로 야놀자가 더 저렴해요 다만 카드 결제 시 결제 앱이 잘 연동이 안 되어서 결제 버튼을 한 번 더 눌러야 하는 게 번거롭긴 했어요 그건 야놀자 문제가 아니라 카드 결제 앱의 문제이려나요
8682,진짜 별 한 개도 아깝다 예약하고 결제까지 했는데 현지 담당자가 일정 안 된다고 취소하고 일정 가능한 지 문의하면 답장도 안 해주고 그냥 네이버 블로그 보고 자력갱생이 답이다고 매운 블로거에게 보상해주고 싶다
8683,제가 가지고 있는 카드다 써봤는데도 결제수단 등록이 안 되면 결제를 하란 건가요 말란 건가요 다른 수단이라도 마련해 주시 던지요 자 한 텐 그렇게 까다로운 조건을 충족하는 결제수단이 없는데 이용하지 말라는 뜻인가 요점도 아깝습니다 진심으로 심지어 해결책 마련하려는 노력도 없이 은행 쪽으로 책임 전가하는 것도 별로 네오
8684,굳이 다른 앱 잘 사용 중인 사람이라면 해당 앱 사용 적극 만류하고 싶습니다 카드 등록은 특정 카드회사 카드만 가능하거나 그마저도 결제수단을 달러로 바꿔야지만 사용 가능하고 이 사항이 어디에도 명시되지 않았습니다 한참을 포털 사이트를 통해 검색으로 알아낸 사항이고 이것을 공통적으로 겪은 이용자들이 매우 많으나 전혀 바뀐 점을 보아 하니 고객의 불편을 크게 신경 쓰지 않는 것 같습니다 또한 미리 숙소 이름을 알고 있는 상황에서 직접적으로 숙소를 검색할 수 없어 지도를 보고 대조하여 해당 지역 검색으로 뜬 모든 숙소들을 눌러보며 원하는 숙소를 찾아야 하는 등 여러 편의 부분에서 치명적인 모습을 보입니다 처음 이 앱을 사용하는 사람으로서 지나치게 불친절한   와 설명으로 한참을 고생했습니다 이리 뷰를 읽으시는 분 다시 한 번 앱 사용을 고려해 보시길 바랍니다
8685,여행 일정 변경 및 취소 과정 이용이 하였음 환불기간이 좀 길고 이에 따른 피드백은 부족함
8686,그 지 같은 사이트 ㅡ 일본 가는 항공권 예매하고 취소했는데 만원 날아감  취소할 때 위약금 만원 결제돼서 짜증 나도 그러려니 했는데 환불할 때만 원 빼고 되길래 저나 해서 물어보니 여행사에서 가져가는 거라 말함 그래서 규정 어딨냐고 하니 구석구석 찾아봐야 적혀 있는 자기네 규정임ㅡ일단 결제 누르면 위약금 나 감 여행 다니면서 이런 데 첨 봄
8687,호텔은 몰라도 아파트 같은 단독 숙소는 에어비앤비가 훨씬 안전합니다 에어비앤비는 호스트 보호도 어느 정도 해주지만 호스트 패널티도 강력해서 일방적으로 예약을 취소하기 듭니다 그렇지만 부킹닷컴은 당일 체크인 시간이 다 되어서 호스트가 어처구니없는 핑계로 예약을 취소하고 가격을 올려 받는데 호스트에게 아무런 패널티가 없습니다 저처럼 외국에서 오갈 곳 없이 떠돌기 싫은 분은 단독 숙소 예약할 때 부킹닷컴은 피합시 다 심지어 부킹닷컴 고객센터에서 분내로 대체 숙소 구해 서 연락 준다고 해서 부킹닷컴의 약속만 믿고 어두워질 때까지 기다렸습니다 하지만 끝내 아무런 연락조차 오지 않았습니다
8688,지도자기 위치 새로 고침이 정상적으로 작동하지 않습니다 주소를 복사하면 쓸데없이 예약 내역이 복사되어 복붙하고 주소를 검색할 수 없습니다 납득이 가지 않는지도 시스템입니다 차라리 없는 것이 나을 듯합니다
8689,별 한 개도 아깝습니다 항공권은 여기서 절대 구매하지 마세 요 항공권을 변경하거나 취소할 때는 때론 시간마다 가격이 변경되는 게 심해서 빠른 응답이 필요한데 전화는 우선 안 되고 대 문의라고 있는 곳에 아침 시에 올려도 저녁 시까지 답변 못 받을 수도 있는 곳입니다 고객들만 피 말리게 하니 항공권 여기서 구매하는 건 절대 비 추입니다
8690,최종 결제금액을 보여줘서 좋아요
8691,앱이 너무 불편하고 오류가 많아 요호스트 모드로 이용하는 데 앱을 켜면 메게 지창이 안 뜨는 오류가 너무 잦고 달력 도 로딩이 자주 안 됩니다 숙소 요금 변경이 멋대로 적용 해제되어버리기도 하고요 메시지 알림이 자주 먹통이 돼서 게스트 분 연락 못 받는 건 기본입니다 무엇보다 필요한 메뉴나 도움말 찾기도 너무들고 전반적으로 인터페이스가 별로입니다 너무 여기저기 숨겨놔서 미로 찾는 것 같아 요수 수료도 많이 받아 가는데 앱 개발이나 지원이라도 잘해야 하지 않을까요
8692,아니 예약하려고 했는데 원하는 날짜가 마감돼서 다른 날짜 선택하고 카드랑 신분증 등록하고 결제로 넘어갔는데 마감된 날짜랑 선택한 날짜 모두 결제가 돼서 바로 선택한 날짜를 예약 취소했는데 왜 결제 금액보다 더 적게 환불된다고 뜨는 거죠 뭔 수수료인가요 이건 제 실수가 아닌데도 불구하고 결제되자마자 당황해서 바로 취소를 했는데 전액 환불이 아닌 건 뭔 경우인가요
8693,등록 절차가 셀카도 찍어야 하고 뭔가 확실한 어플 카타요
8694,항공권 구입하면 모바일 티켓 바로 연결 가능했으면 좋겠네요
8695,결제한 지분도 안 됐는데 결제 카드 변경도 안 되네요
8696,우크라이나로 여행 갔는데 호텔 예약까지만 좋고 택시나 렌터카 예약은 여기서 하지 마시길 바랍니다 택시를 시에 미리 예약해놨는데 기사님한데 전화도 안 되고 문자도 안 됨
8697,오늘 첨 마이리얼트립에 가입하고 예약했는데 헐 예약 완료라고는 하는데 제일 중요한 날짜와 시간 중 날짜만 표기되고 시간은 안보임ㅠㅠ하다 하다 이렇게 성의 없고 시간이 안 보이는 예약은 첨해봄 ㅠ 예약 내역 보는 순간 개빡침 완전 스트레스 항공기 몇 호라는 것도 없고 진짜 욕 나가네ㅠㅠ
8698,아무리 해외 결제 카드를 써보고 해도 안 돼서 달러로 바꾸고 페이팔로 하니 돼서 정말 어렵게 했습니다 어려워요
8699,황당하기 짝이 없다 다른 숙박 앱에 비해 장점이 없는 것은 아니지만 결제 환불 인증 모두가 해괴하다간 편 결제 앱과 연동이 전혀 되지 않으며 결제 직전까지만 설정해 놓은 업소들이 마지막 업소 결제 시 한꺼번에 결제된다 그런가 하면 환불은 어떤 가 당연하다는 듯 환불에도 수수료를 떼어가며 환불도 매우 느리기까지 하다 인증도 까다롭다 신분증의 앞뒤 사진을 요구하고 얼굴 사진까지 재차 요구한 다이도록 까탈스럽고 이상한 숙박 앱은 처음이다
8700,숙소 한 번 잡으려고 하는데 결제 카드 신분증 등록 얼굴 인증을 왜 하는지 모르겠음 한국 서비스와 전혀 맞지도 않는 예약 절차를 갖고 있음
8701,잘 쓰고 있습니다 근데 사진 등록 시 용량 초과 때문에 불편하네요 고화질은 한 장 정도밖에 올릴 수 없어서 자세한 후기 등록이 어렵더라고요
8702,평점 주기도 아깝습니다 월 일부터 월일까지 박 숙박 예약했는데 오늘 확인해 보니까 이용했다고 뜹니다 분명히 제가 결제할 때는 분명히 날짜 확인까지 했는데 근데 연락하니 야 놀 자에서는 환불을 못해준다고 합니다 자기들이 잘못해 놓고는 예약을 했으면 체크인 알림 이런 거 오는데 오지도 않았고요 여러분들은 꼭 결제하면 캡처해 놓으세요 나중에 환불받을 때 필요할 겁니다
8703,이용요금이 제일 저렴한 게 많은 편이고 정보가 잘 등록되어 있어요
8704,에버랜드 티켓 핫딜
8705,예약 호스트의 답이 느려 예약일 다음날 연락으로 결제 진행됨 게스트가 취소 가능했으면 좋겠음
8706,전반적으로 괜찮은데 좀 느리고 각종 버그가 있어 호스트로서 좀 손해를 봤습니다
8707,오늘 급하게 야 놀 자에서 고속버스 시간 변경 때문에 다시 취소하고 결제하고 있는데 앱 내에서 오지게 버벅대고 느려버리네 서버 관리제대로 좀 하세요
8708,그간 잘 쓰던 앱인데 제대로 뒤통수 맞았습니다 월일 밤 시 넘어서 월일이 되던 시점 숙소 검색을 시작했고 세팅되어 있는 도 분명히 기억합니다 괜찮은 숙소 보고 바로 결제 진행했고 결제 전 팝업 같은 것도 없더군 요 오후 시 체크인 건이어서 다음날 시에 도착했는데 웬걸로 예약되어 있다네요 ㅋㅋ어이 털리고 토요일이라 방도 없어서 얼른 부랴부랴 만 원짜리 방간신히 잡았네요 처음 예약한 방이 만 원이 엇으니 만 원짜리 숙박이 되었네요 최소 성급 호텔은 갈 돈이 ㅋㅋㅋㅋㅋ 일단 다 놀 자로 새벽 예 약간이면 기본 세팅에 대한 팝업 공지라도 해주든지 결제 전엔 알림이라도 띄우든지 제가 너무 큰 걸 기대하는 건가요 요즘 시대에 이 정도 안전장치도 안 하는 대기업이 있다고는 상상도 못했네요 씨지 비 원짜리 영화 예매할 때도 팝업이 뜹니다    나 고속버스 예매할 때도 뜨고 요기가 차네요 진짜 두 번 다시 안 씁니다
8709,결제하려다 카드 잘못 눌러서 결제 취소하면 쿠폰이 사라짐
8710,생각보다 편하네요 해외 결재라 해외 결제 가능한 카드가 필수입니다
8711,아니 카드 등록을 하는데 왜 달러씩 결제가 되는 거죠 어떻게 해야 다시 받을 수 있어 요 카드 등록도 안 되고 맘대로 돈 빠져나가고 왜 이런 거예요 ㅋㅋ 당장 결제된 거취 소해 주세요
8712,    카드로 결제 안 돼서 고생했어요 일본 엔화로 해야 진행이 되더군 요결 제시 계속 달러만 진행되면 통화 종류를 확인하세요
8713,카드 결제 실패로 뜨면서 원본 결재된 거는 환불 언제 되나요
8714,사용하기 편리하고 택스 따로 안 붙는 점이 좋아요 본 가격 그대로 결제할 수 있어 요중 복 예약이나 문제가 생겼을 때 처리해주는 속도가 굉장히 빠르다는 점이 큰 장점이에요 또 여기 후기 보고 가면 망하지는 않아 요 최소한 평 다칠 수 있는 숙소 모음
8715,별 하나도 아깝습니다 충분한 돈이 있는데도 결제 불가라 하고 신용카드 체크카드 두 개가 다 등록할 수 없다고 뜨면 대체 뭐로 결제합니까 다른 결제수단이 있는 것도 아니면서 다른데 선 잘만 쓰는 카드가 왜 여기서는 등록이 안 됩니까 앱 만드실 거면 제대로 만들어서 제대로 관리하세요 이 딴 식으로 만들지 마시고 진짜 사람들 농락하는 것도 아니고 뭐 하는 건지 모르겠네요
8716,여러 정보를 쉽게 보고 확인할 수 있음 호스트 및 운영자와 소통 도용이 함
8717,살짝 아쉽 왜냐면 가격이 총결제 금액보다 천 원을 더 받음 그 이유는 안 나 옹그리고 전 사우나가 있는 숙소 찾고 싶은데 그건 아예 찾을 수도 없네요
8718,유럽 여행 시 엄청나게 유용했습니다 운 좋게 친절한 호스트들 덕분인지는 몰라도 숙소 안내 및 이용까지 정말 좋았습니다
8719,요즘        이용해보면 호스트들이 청소도 대행업체 맡기고 대부분 전문적으로 운영하던 데 호스트가 게스트 평가는 왜 함 체크인 아웃 시 얼굴도 안 보는데 쓰는 말이라고는 청소 얘기 청소 비싸지도 않으면서 심지어 따로 내는데 무슨 수건이 어쩌고 집안 상태가 어쩌고 내가 집안 빨래 및 정리까지 해야 하는 건 가 어떤 호스트는 체크인할 때 분리수거 쓰레기 안 버려도 된다고 해서 귀찮아서 안 버렸더니 집 앞에 쓰레기장 있는데도 안 버렸다고 놀랍다고 하질 않나 심지어 체크인 약속 시간 지났는데 연락도 안 되고 집 앞에서 분 동안 멀뚱멀뚱 있었어도 그럴 수 있지 하고 좋게 넘어갔는데 하여간 돈 내고 이용하는데 기분만 점점 상하는 이상한 시스템임
8720,출장 갈 때 먼저 사용하는 앱이에 요 전국 어디나 한눈에 볼 수 있고 특히 다른 앱들은 달러로 계산되는데 비해 한화로 계산돼서 더 만족
8721,케어 시스템 및 가격이 너무 좋습니다
8722,리뷰 처음이자 마지막으로 쓴다 본인 인증 시스템 고쳐라 몇 번을 해도 안 되던데 뭔 거지 같은 시스템을 도입해놨냐 ㅡㅡ 세상은 점점 간편함을 추구하는 데이 앱은 역행해서 불편한 거사 그리 모아놨네 ㅡㅡ이 앱 쓰느니 야 놀 자로 모텔 잡는 게 훨씬 편합니다
8723,카드 결제 안 된다가 아악
8724,일주일 전에 원짜리 숙소 예약했는데 여행 전날에 추가 요금 원 결제하래요 안 그러면 취소한다고 ㅋㅋㅋㅋㅋㅋ이게 말이 됩니까 아니 왜니들 잘못에 소비자가 여행을 망쳐야 합니까 운영 그렇게 하지 마세요
8725,첫 화면에는 저렴한 금액 적혀 있고 결제하려고 보니 청소 비며 이것저것 추가 금붙는 거 처음부터 결제금액으로 보이게 했음 좋겠네요
8726,에어비엔비 시스템 관리는 엉망이군요 마치 애플을 따라 하려 하지만 실력이 안 되는 거 같네요 제한된 시스템에서 오류가 나면 할 수 없는 일들이 많이 일어나 네오 지우고 이제 안 사용하렵니다
8727,중간에 외부 일정 비어서 낮잠 자려고 대실 했는데 요오 전 시간인데 잘 예약했어요 낼 잘 이용했으면 좋겠어요
8728,간단 간편 간지
8729,알제 필수 데이ㅋㅋㅋ
8730,외국 호스트와 직접 톡을 나눌 수 있고 친절한 호스트가 공항까지와 준다는 얘기에 그것도 새벽에 약간의 비용을 주기로 했지만 감동 먹어 덜컥 예약함
8731,중개 플랫폼이라고는 하지만 갑질이 너무 심하네요 부득이하게 날짜 바꾸게 되어 펜션 측에 날짜와 동일한 방 변경된다 해서 고객센터에 변경 요청하니 취소하고 재어 예약해야 된다 하고 수수료가 발생하면 부담해야 된다 하고 어이가 없네요 날짜를 바꾸는 게 그렇게 어려운 일인가요 규정이 그러니까 취소는 하겠는데 보통 수수료는 내가 결제한 금액의   를 떼어가는 게 보통인 데야놀자는 뗄 수 있는 건 다 떼어가네요 결제 금액에서 수수료 떼는 것도 아니고 원래 금액에서 수수료 떼고 추가로 쿠폰 할인받은 금액만큼도 떼어가고 할인받은 게 더 있다면 더 떼어가겠네요 제가 결제금액 크지 않아서 계산한 금액 차가 몇 천원 차이였지만 결제금액이 컸다면 아마 몇 만 원에서 크게는 십만 원까지도 손해 볼 수 있겠네요 이번 이용을 계기로 야놀자에 상당히 안 좋은 이미지 보고 갑니다
8732,버그투성이 수익의 만이라도 앱 개발에 써라
8733,예약을 하고 결제를 했는데 당일 출입 거절당함 이유가 동승자 신분증 미 제시 다른 예약 때는 예약자 신분증만 확인해서 모두 입실되었는데 그 숙박업소만 거절해서 고객센터에 전화를 하니 예약 당시 깨알 같은 글씨로써 진 조항 운운 돈은 돈대로 환불 못 받고 일방적으로 거절 결국 숙소를 찾다가 다른 숙소에 현장 결제하고 겨우 숙박 물론 동승자 신분증 제시 요구안 받음이 앱으로 예약 결제하지 마세요 환불도 안 해줄 거면서 입장 거절당합니다 깨알 같은 글씨를 고객이 어떻게 다 지키나요 여행 많이 다녀봐도 동승자들 신분증까지 다 준비하는 숙박업소는 본 적이 없음 결제 끝났다고 트집 잡아 입실 거절임 회원 탈퇴하고 앱 지웁니다
8734,체크카드 등록을 하려는 데 계속 실패해서 봤더니 원정도 가 두 번 결제가 되어 있었고 환불을 하려고 호스트한테 문자를 보내면 몇 시간 이상씩 뒤에 보거나 다른 사람의 문자는 보는데 제 문자를 안 보는 등 그런 문제가 있었어요 그래서 환불도 늦어졌고요 그리고 겨우 호스트한테 문자가 왔을 때는 고객센터에 연락을 하라네요 고객센터에 몇 번을 전화했는지 몰라요 조금 저렴하게 가려다가 기분만 많이 상하고 갑니다 다 그렇다는 건 아니고 그냥 참고해 주세요 그 외에는 저렴한 방도 많고 괜찮은 방도 많은 것 같아요 또 사용해보는 건 생각해봐야 할 것 같습니다
8735,사용도 안 했는데 제 맘대로 결제 두건 해놓고 발뺌하네 요 약간의 귀찮은 과정을 거쳐 한 건은 자기들과 실 인정하고 취소했지만 나머지 한 건은 취소 안 하고 일방적으로 종결 지어버려서 황당 결국 카드사에서 해결해줬네요 이제 에어비앤비는 믿고 거릅니다 너무 어이가 없어서 살면서 리뷰 처음 답니다
8736,참 좋은 시스템으로 편리한 세상에 살게 되네요 반려견과의 쾌적한 여행을 할 수가 있어서 감사드립니다ㅎ
8737,호텔 예약도 편리하고 체크인 아웃 알림이 오는 점도 매우 좋아요 고객센터 직원분들도 친절하게 안내해 주시고 내 위치 내에서 정확한 검색이 가능한 점도 매우 편리하고 좋습니다
8738,간편 편리 간결 결제 쉬움 오류 잘 안남
8739,대가족 여행으로 급강원 도로 떠나게 됐는데 서울 수도권 호텔뿐만 아니라 지방리조트까지 예약이 되고 낮은 가격 순으로 원하는 정렬이 되 서방 예약하기가 편했어요 그리고 결제 단계에서 결제수단별 프로모션이 잘 나와 있어 차이 예약 결제로 할인까지 받아 일사천리로 기분 좋게 예약하고 다녀왔어요
8740,두 번째 숙박업체 쪽에서 금액을 잘못 올렸다고 본사에서 전화 오고 죄 없는 상담원은 본사 정책대로 결제하기 전에 안내문에 금액은 변동되어 숙박 취소가 될 수도 있다고 써져 있다고만 말장난도 아니도 업체가 잘못 올린 금액이든 뭐든 내가 그 금액이 맘에 들어 결제했는데 업체의 실수로 금액이 잘못 올라갔다 그러니 숙박 결제 취소한다고 안내 전화 무책임하네 야놀자 본사 다신 야놀자 안 씀이 벌써 두 번째 당하네요 요즘 월방이 없어 숙박 예약도 다 차서 구할 수도 없는데 결제하고 시간 만에 연락 와서 소비자가 결제 취소 동의 안 하면 예약 취소는 안 되지만 숙박이 용이 불가하다고 억지는 뭔지 정책 좀 바꾸시죠 본사 직원분들
8741,어플이 자꾸 꺼집니 다 숙소 예약을 하기 위해 날짜랑 리조트 명 검색을 눌렀더니 버그가 발견됐다면서 어플이 강제 종료됩니다
8742,요금이 다양하다 검색이 쉬워서 예약하기 편리하다 다른 앱에 마감된 호텔도 예약이 가능하다 리뷰가 많다 다른 앱과 요금도 비슷하다 데일 리고 메도 가끔 이용하는데 요금도 괜찮아요
8743,출장을 자주 갑니다 법인카드로 결제를 하며 숙박하는데 경쟁사 여기   는 법인카드 결제 탭이 있어서 숙소 예약이 가능한데 야놀자는 결제방식에 법인카드가 없더라고요 아쉬운 대로 경쟁사 어플을 사용하는데 저는 기왕이면 야놀자를 이용하고 싶어요 아쉽습니다 해당 기능 추가해 주실 수 있을까요 ㅠㅠ
8744,방송 듣고 다운 놀러 왔습니다 작년 초 특가야놀자 기억하고 있습니다가 고 싶은 곳 제주도 테마파크 놀이동산    워터파크 서핑 기차 모두가 고 싶었는데 코로나 땜에 번질까 봐 걱정 휴야놀자 앱 들어가면 준비 중인 방송 예정 발견 기대하겠습니다
8745,이번 속초 여행 때 숙소 알아본 곳 중 가장 저렴하게 예약했어요 다른 곳은 풀 부킹이라고 떴는데 데일리에서 가능하더라고 이 밤에 예약했는데 그 다음날 오전 시에 확정 문자와 서 놀랬어요 빠르고 저렴하고 이제 숙소는 데일리호텔에서만 예약할 거 같아요
8746,야놀자 보다 싸고 다른 어떤 어플보다도 쌈 그리고 사기도 없고 단점은 비싼 곳은 그 어떤 곳보다도 비싸고 비싼 곳도 꽤나 많음 그리고 결제가 신용카드로 해야 하는데 대구은행은 안 됨
8747,결제수단에 카드 등록이 안 되네요
8748,호스트가 거절하는 사례가 많아 기분이 좋지 않네요
8749,카드 에러가 너무나 고전화 인증도 안 되고 무려 숙소 예약에 이틀이 걸리네요 밤 사이에 러 조치된 듯
8750,체크인 우나 다른 앱보다   가 더 편해서 좋은 듯 마일리지 스티커 사라진 건 아쉬운 점용
8751,정말 만족하는 어플입니다 그러나 미숙해서 예약 취소도 결제 카드 변경도 조금 까다롭기는 하네요 그래도 최고요
8752,카드 신규 등록 시 계속 오류 발생
8753,숙소 확정 문자 받고 여행 일정 다 픽스 했는데 일방적으로 가격이 잘못 올라갔으니 취소하겠다고 통보받았습니다 플랫폼도 업체도 책임지는 사람 없고 황당합니다
8754,간편결제로 원하는 숙박시설을 한 번에 예약 완료
8755,환불 시스템 개 같고 할부 시스템 없고 개판 힘 숙소들 평점 작업 엄청 심함 절대 하지 마세요 여행 자주 다니신 분들 절대 쓰지 마세요
8756,성수기 시야놀자 대기 예약 시스템에서 예약되었다는 문자 하나 보내고 스팸 함게 들어가 있었음 추가 안내 없이 예약이 끝이며 이후로도 예약이 되었는지 상세히 안내해주지 않아서 예약이 진행된 지 모르고 노소로 박 금액 손해 봤으며 이에 대한 보상정책도 없으니 성수기 때 참고하시고 예약해주세요 저는 앱 삭제하고 다시는 사용 안 할 겁니다
8757,어플 결제보다 웹 결제가 더 편리한 기적의 애플렉 좀 해결합시다 바로 지우고 여기 와서 리뷰 씀
8758,아니 결제수단 등록하라고 해서 카드 등록하자마자 달러 자동으로 빠져나가네요 그런데 정작 이 카드는 국내용 카드여서 그런지 숙소 결제가 안 되는 카드 나 그럼 이 카드 돈 빼간 건 다시 줘야지 양아치 앱인 듯 고객센터도 연결 안 되고
8759,검색하기 편하게 되어 있고 실제 사용 후기들을 보고 판단할 수 있습니다 결제 등의 시스템적인 부분도 깔끔하고 불편함 없어요 이 앱 깔고 나서는 이 앱만 씁니다ㅎㅎ
8760,친구 초대로 처음 가입하면 첫 예약에 대해 원의 할인을 받는다고 되어 있어서 가입해서 예약했는데 그런 혜택은 전혀 찾아볼 수 없었고요 등록한 카드도 몇 차례 결제 거부당해서 친구 카드 등록해서 겨우 결제 완료했는데 그마저도 결제수단에서 친구 카드 삭제하려 했더니 오류만 뜨네요 위 두 가지 사항 답변 부탁드립니다
8761,다양한 숙박 예약 정보와 편리한 결제 시스템이 참 좋네요
8762,외ㅡ국 여행 주의 피수 앱 주인이 넘허투른 경우도 있지만 대부분은 좋은 집이고 좋은 앱
8763,다음과 한메일이 다르다 하나를 호스팅 해도 두 개의 방이 되어버려서 달력이 막혀 있어도 다시 예약이 돼버리고는 다음과 한메일 두 곳에 계정이 돼서 내 탓이라 한다 뭔 소린 지원
8764,사업자인데요 실적 부분이 아예 들어가지지 않습니다 또한 제가 노트 플러스를 쓰는데 어플 자체가 알림만 받아도 스마트폰 배터리가 빨리 닳는다고 하네요
8765,별 한 개도 아까워요 예약하고 돈 빠져나갔다고 연락도 없어서 되었는지 확인할 방법이 없더라고요 바로 확인해 주 섰으면 좋겠네요 나중에는 알고 보니 영국 사이트였어요 돈 빠져나가지도 않은 채 분만에 예약 취소를 했는데 만 얼마를 환불해준다면서 나중에는 제 카드에서 원이 빠져나갔어요 예약을 했으면 주소도 제대로 떠야 하는데 뜨지도 않네 요 시스템이 정말 별로네요 진짜 ㅜ이게 무슨 난리인가요 아 진짜로 이 앱 쓰지 마세 요 별로예요 정말 쓰지 마세요ㅜ이 앱 완전 별로예요 이 앱쓰더 라도 조심히 서 쓰세요 제발
8766,공홈보다 저럼 한 가격도 자주 나오고 좋네요 한국에서 호텔 이용할 생각이 면 필수 앱이에요
8767,여행 어플 여러 개 쓰는 데 가격으로 가장 좋은 건 야놀자에 요ㅎㅎ 해외 갈 때도 이용할 수 있길 최근 못 가서 서비스를 잘 모릅니다
8768,예약을 클릭하면 예약 날짜 달력 날짜 아래 금액이 보이게 해주세요
8769,신분증 등록할 때 개인 정보보호를 위해 주민등록번호는 가려도 된다고 하여 가리고 찍었더니 승인이 안 나더군 요 개인 신분 승인 시스템이 어떻게 되어 있는지 모르겠네요 숙소 예약을 했는데 끝까지 신분 승인이 안 되어 결국 숙소 취소하고 다른 방법으로 숙소 잡았습니다 서비스센터 직원분은 친절했는데 시스템상의 문제로 숙소 일정이 박살 났네요 개인 신분 승인에 오류가 있으면 무엇 때문인지 뭘 더해야 하는지도 제대로 통지를 안 합니다 그리고 여전히 어플에서는 신분증 확인이 안 되어 있다고 나와 있네요 웹상에서는 완료되었음에도 말이 죠 서비스센터 직원분도 어플 말고   에서 크롬으로 보라고 추천해줍니다 이 어플이 얼마나 안 좋은지는 이걸로 명확해지죠
8770,최악의 어플 잘못 사용하면 돈만 먹고 환불 불가하다 원 날리고 화나서 내가 두 번 다시 사용하지 말기 위해 리뷰한 다 숙소 가격이 만원 이상 넘어가면 신중하게 고려하길 바란다로 그 아웃도 안 했는데 비회원 결제    결제가 됐다니 우리 집 컴퓨터도 없이 지낸 지 가년이 지났는데 ㅋㅋㅋ 물론 내가 예약 취소할 때 목록에 있는지 확인을 하지 않은 건 잘못인데 결제 후 예약 내역에 없었다면 문제 있는 거 아닌가 그리고 회원인데 비회원으로 결제됐으면 시스템상 회원인데 비회원으로 결제하겠냐고 한번 물어봐야 하는 거 아니냐 아무리 말해도 절대로 손해 볼 생각도 없이 고객 탓 어플 여기 부정적인 리뷰는 대부분 진짜인 거 같다 나랑 비슷한 경우가 있는 거 보니 말이 다 기존에 예약되어 있는 거연 말 끼지 있으니 다 사용하면 에어 비엔 비나 여기어때 사용할 려다
8771,요즘 야노 자살만한 가 봄 예전보다 시스템은 퇴화되고 고객센터 쪽에 권한도 크게 안 주고 돌리니 고객 클레임에 대응 잘 안되고 들어 보임 상담사는 뭔 죄겠냐 개떡같이 시스템을 짠 부서가 문제지 여기어때랑 너무 비교됨 카톡으로 입실 퇴실 시간 다 보내주고 임박했을 때도 알람이 따로 날라오는데 현재 야놀자는 내가 돈 낸 시간 보내줌 왜 그러고 앱 들어가서 확인 무색하는데 솔직히 어이없음 앱은 안 쓰면 자동으로 알람은 막아버리는데 그리고 임박 알림도 업고 카톡 시스템 예전에는 여기어때처럼 내역 다 나오게 하고 링크도 따로 걸어줬는데 퇴화되고 있음 ㅋㅋㅋ 이러고 상장하니 많이 쓸 때 없이 광고나 하지 말고 시스템 단순 확실하게 바꾸고 고객센터에 돈 좀 실어서 문제 생길 때 바로바로 처리되게끔 하세요 큰 거 바라는 것도 아니잖아에 휴
8772,좋다 대신 결제를 할 때 다 선택하고 신중하게 해야 합니다 안 그러면 시간 동안 결제를 할 수 없어 요소는 여러 번 갈팡질팡하다가 시간 걸려서 고생 좀 했습니다
8773,처음이자 마지막 사용 예상보다 더 더러워서 빡 치고 컴플레인 걸 다빡 치고 만원 아끼려다 이골난 것도 화나고 다시 쓰면 개 돼지일 뿐이다
8774,다른 사이트와 달리 세금 포함 최종 금액이 표시되어 편합니다 그리고 사진과 설명이 잘 되어 있어 호텔 컨디션 파악에 유용합니다
8775,로마서는 로마법을 한국에서는 한국 주소를 띄워주시길
8776,마음에 드는 호텔 다 여기에 있고 예약 시스템도 결제 시스템도 너무 맘레듬
8777,결제수단 등록만 했는데 달러 나가고 결제창에는 다른 거 등록하라 함 다른 거 등록했더니 또 달러 나가고 다른 거 등록하라 함 진짜 미쳤나 등록하기 전에 설명 좀 해 국내 숙소 잡는데도 해외 결제 카드가 필요한 줄 알았으면 달러나 쓸 필요 없었잖아 돌려내
8778,해외 사용 가능 카드이고 카드사에서도 가능한 카드라 들었는데 가지고 있는 신용 체크카드 개가 안 먹고 객센터 전화했으나 자기들 잘못 아니라 하고 진짜 노 답 진짜 쌍욕 나옵니다 다 신안 쓸게 바이
8779,예약이 아주 편하고 좋은 거 같습니다 다만 결제할 때 새로 카드 등록하는 게 불편하긴 하네요
8780,다 좋은데 나라 사랑카드로는 왜 결제가 안 되는 거에 요ㅠㅠ군 바리들은 어떻게 사용합니까 ㅠㅠ 개선 좀요
8781,해외 결제 부가 금액 아까움
8782,본인 인증을 몇 번을 하라고 하냐 하다가 막혀서 인증번호 다시 달라고 하니까 이젠 또 인증 횟수 초과 ㅋㅋㅋㅋ 한국으로 앱 들고 왔으면 결제 시스템 한국식으로 바꾸세요 못 쓰겠다 이건
8783,예약도 편하고 일정이 다가올수록 여러 차례 알람도 주셔서 큰 도움이 되었습니다
8784,원하는 숙소를 만 원대라길래 들어갔다가 만 원대에 예약해 두고 결제일을 기다리는 준 숙소 가격이 만 원대로 떨어졌다는 알림이 와서 다시 예약하려 하니 만 원대였고 결제하려 하니 만 원대를 결제하라고 했음 전에 것을 취소하기 위해 예약 리스트를 보니 전에 예약한 것과 가격이 똑같았음 다른 사용자에게 환율 탓이라고 댓글 달아둔 것을 봐서 몇 번이나 예약과 취소를 반복해도 가격은 같았음 날짜 인원수 옵션 모두 같은데 엔화값은 분명 달랐지만 계산을 해보니 어플이 안 가져간다던 수수료 엔을 왠지 모르게 그대로 껴 넣어놨음 취소하고 다른 어플로 갈아 탐쯧
8785,호텔 예약 후 날짜를 확인해보니 실수로 당일 건을 결제하였는데 결제한 지분도 안 된 결제건을 취소도 안 해주고 날짜 변경도 안 해주는 건 너무 한 건 아닌지 돈이야만 원밖에 안 되는 거기 분 문제인데 착각으로 할 수 있는 실수에 대해 결제한 지분도 안 된 결제건을 픽 스시 켜버리는 건 너무 한 거 같네요
8786,카카오페이 결제가 편해요
8787,즉흥 여행으로 엄청 유용히 사용하고 있습니다 언제 이용해 볼까 싶은 호텔들 저렴한 가격으로 너무 만족스럽게 이용 중이에 요가 끔 타 사이트들은 예약 오류거나 체크인할 때 오래 찾아보시는 경우가 있던데 데일리호텔은 그런 걱정도 없어서 좋아요 추천합니다
8788,년 이상 이용해왔고요 차 막히는 고속도로에서도 운행 중 예약이 가능할 정도로 사용이 편하고 요일 단 정확합니다 예약에서 한 번도 스케줄에 펑크 난 적 없습니다 여행 가는데 데일리호텔은 필수입니다
8789,제주도 여행일 전에 취소하는 호스트 때문에 어머니 여행 망칠 뻔했다 탈퇴는 왜 이리 어려운가 다시 기웃거리지 않겠다 믿을 수 없는 사업자 사용하지 말자
8790,앱에서 결제 카드 변경 법이 까다로움 검색을 통해 링크 연결하여 진행
8791,카드 결제 등록을 아플 상에 안 해놨는데 수수료 천 원은 왜 떼가 요 사기꾼들아 토토 불법 광고만도 못한 어플 놈들아
8792,요새 여행 다니기 너무 좋아졌습니다 여행 가기 전에 마이리얼트립으로 필요한 투어 티켓 다 예약할 수 있고 실시간으로 관리되니 너무 편리합니다
8793,잘 결제돼서 좋아요 환불은 아직 안 해봤지만 현재까지는 원하는 호텔 모텔이 제휴돼있어 만족요
8794,깔끔하게 사용하기 편하네요 카톡 페이랑 연동돼서 결제도 간단하네요
8795,안내해주는 투어 개수가 적은 게 흠이다
8796,여러 가지가 성비 좋은 투어가 준비되어 있어요
8797,데일리호텔은 당일에 예약하더라도 별 무리 없게 사용할 수 있고 무엇보다 간편 결제가 돼서 편합니다 그리고 국내 대다수의 호텔들을 예약할 수 있어 편하게 사용할 수 있습니다 특가로 싸게 예약할 수 있는 건 덤
8798,국내 여행 준비할 때 보통 검색을 네이버에서 하곤 했는데 정보를 더 얻고자 설치한 여러 개의 숙박 앱 중에 데일리호텔이 가장 편리했습니다 유명한 앱이라 후기들도 잘 되어 있어 참고하기 좋았습니다 여행은 시작이 중요한데 결제 시 할인 혜택을 받았더니 여행 시작 전부터 준비가 잘 되는 느낌이 들어 기분이 좋아졌고 그 기분 그대로 이어서 다녀온 여행이라 그런지 만족도가 매우 높았습니다 성공 경험까지 더해졌으니 앞으로 여행 준비 시 데일리호텔 앱부터 뒤적 뒤 적하는 게 필수 준비 과정이 될 것 같습니다
8799,내일 체크인 날짜를 정하고 관심 등록 항목에서 결제를 했더니 오늘로 날짜가 자동으로 바뀌네요 나중에 잘못된 것을 확인하고 야놀자 고객센터에 전화를 했더니 환불이 되는군 요 감사합니다 개선점을 알려드립니다 날짜 지정 후 관심등록 상품 결제 시 지정 날짜가 유지되도록 앱 개선이 필요해 보입니다
8800,투어나 표픽드 답 등 다양합니다 후기도 믿을만
8801,얻을 가든 자유여행자들에게는 필수 앱입니다
8802,카드 승인 안 되고 계속 결제하려고 시도했는데 체크카드 해외 거절이라며 번 연속 달러씩 결제되었음 숙소 예약은 절대 안 됨 계속 오류라고 하더니 왜 달러 결제는 제멋대로 됐나 요원하던 숙소 예약은 안 다고 ㅡㅡ 너무너무 화나네요 내 돈 빨리 환불해주세요
8803,좋은 투어 상품이 많아요 여행 가서 투어는 꼭 마이리얼트립에서 신청합니다
8804,제 리뷰 왜 삭제됐죠 요금 등록 잘못했다고 예약이 미 다 끝났는데 숙소 취소하라고 시 넘어서 전화하는 고객센터 미치 신건 가요 요금 등록 잘못한 건 그쪽 탓인데 왜 제가 피해봐야 해요 대처는 왜 이 딴 식으로 하시고 요시 넘은 시간에 전화에 문자질 고객 실수라도 그 딴 식으로 안 해요 장난하는 것도 아니고
8805,매번 국내 여행 갈 때 데일리 사용하고 있어 요 호텔 선택부터 결제까지 한 번에 너무 편리합니다 앞으로도 쭉 사용할게요
8806,코로나 때문에 아무 데도 여행 못 가서 짜증 난 커플들에게 ㅊㅊ함 서울 도심 한복판에서 박해봤자 재밌겠냐 싶었는데 막상 해보면 애인이랑 함께 하니까 무슨 베를린 오사카의 밤거리를 거니는 듯한 재미가 있더라 여유롭고 호캉스족 필수 템 ㄱㄱㄱ
8807,제주도에 패러글라이딩 체험상품도 있으면 좋겠어요
8808,여행 계획할 때 일단 켜고 시작하는 앱 해외여행만 되는 줄 알았더니 우리나라 여행상품도 많네요 제주도 갈 때 유용하게 잘 썼어요
8809,여행도 취미도 다 만족을 주는 안내자
8810,결제만 하고 예약은 안 됨 먹튀 조심
8811,결제수단 다양하게 해주세요 삼성페이 페이코 등등 너무 불편해요
8812,왜 카드는 비자만 되는 거죠 해외 때문인가요 해외 안 가는 사람은 쓰지 말라는 건가요 왜 다른 카드는 등록이 안 될까요   카드인데요 체크
8813,절대로 렌터카 서비스를 이용하지 마세요 예약 문자도 없고 돈 만 나갔습니다 예약 문자도 너무 복잡하고 무료 취소도 안 됩니다 돈만 빠져나갔어요 박일 렌터카 비만원 계좌에서 나갔어요 ㅠ유로 카 정말 사기네요 숙소 진행만 하시길
8814,동의한 적 없는 알림을 멋대로 카카오톡으로 송출합니다
8815,가격이 그렇게 많이 저렴한 것 같지는 않아 이 특히 호텔이나 항공권은 타 앱이 더 저렴한 게 많습니다ㅠ그래서 전 투어 프로그램만 사용합니다 그게 좀 아쉽네요
8816,국민카드 등록했는데도 계속 등록 안 되게 뜹니다 배민이나 기타 다른 어플들은 잘만 뜨는데야놀자만 안 떠 요 관리 좀 제대로 하세요
8817,마이리얼트립을 통해 편안하게 예약하여 싱가포르 여행 즐길 수 있었네요 예약은 선택이 아닌 필수
8818,좋은데 한 번씩 진상 업주는 승인을 안 함
8819,해외 자유여행가 신분에게 꿀 어플입니다 주요 도시 당일 투어 근교 투어 교통 볼거리 등을 이 어플에서 쉽게 해결 가능합니다 그것도 저렴한 가격으로 유럽 출장 갈 때마다 이용하는 데 정말 필수 어플입니다
8820,카드 결제 수단이 페이 등 좀 더 다양해졌으면 편할 듯
8821,여행은 마이리얼트립과 함께 가 필수입니다 가이드 및 티켓 추천 잘되고 좋아요
8822,다양한 티켓 및 가이드 투어 등 활용도 높아요
8823,다른 건 괜찮은데 결제 시스템 너무 거지 같아서 삭제할 뻔
8824,현대의 공유경제생활에 매우 유익한 시스템임을 권장하고 싶네요
8825,다양한 여행과 투어가이드와의 직접 소통이 가능한 최고의 앱인 것 같습니다
8826,결제수단 추가에 비용이 들어간다고 고지가 안 되어 있습니다 유니언페이     은행을 쓰고 있습니다 한번 썼을 때 사용한 카드가 유효기간이 만료되어 바꾸려고 했습니다 결제수단 추가를 하려면 해외 결제가 가능한지 유효성 확인한다는 이유로 원결 체합니다 결제된 이후에 숙소 예약 결제는 안 됐습니다 한 번 더 결제수단 추가하니 또 결제되었습니다가 승인 개념으로 실제 결제는 안 된다고 설명 들었고 결제 취소 일정은 카드사로 문의하라고 했습니다 내 카드로 결제하는 데 사전에 통보 없이 결제하는 건 처음 들어보는 건데 가능한 건가요 결제는 가능하고 취소 일정은 확인을 에어비앤비 측에서 못해주는 건 서비스에 문제가 있는 거 아닌가요 해외여행에서 아고다 자주 쓰는 편인데 좀 다른 경험해보려고 에어비앤비 쓸까 늘 같이 고민했는데 필요 없는 옵션이었나 보네요 이번에 국내 여행하려고 해서 다행이네요 참 어이가 없네요
8827,크룩보다 싼 대신 바우처는 시간이 좀 더 걸린다는 점주의 하면 저렴한 가격에 구입할 수 있습니다 바우처는 유효기간 안에 사용할 수 있지만 실물 티켓으로 바꾸면 당일 사용해야 한다고 합니다
8828,영국 런던에서 투어 당일 새벽 취소 확정 전 취소라 당황하진 않았지만 황당황 당 취소된 투어 대신 신청한 박물관 가이드 투어 확정 후 가이드 노쇼 매우 당황 및 분노 분노 마이리얼트립 덕분에 영국에서 소중한 하루를 누구보다 색다르게 보냈습니다
8829,현지 투어 및 교통편 예약하기에는 편하고 저렴해 요가 성비가 좋은 게 많아요
8830,가이드 투어 정보 이용하기 최고입니다
8831,숙소 마감이 된 상태에서도 예약이 된다는 이야기를 듣고 예약이 취소되었다 불안정한 시스템에 대한 보상도 없는 서비스를 하고 있다 개선에 대한 요청을 해도 될지 모르겠다 신뢰로 사용하는 부분인데 새벽마다 간간이 마감된 게 풀린 다니 말이 되는 건지 모르겠음
8832,최악에 어플입니다 티켓 판매 관련 팔로 법도 너무 허술하고 나름 오래된 회사인데 어쩜 이리 고객 응대가 앵무새 같은 답변들인지 본인들에 실수로 티켓 취소하고 환불해 놓고 미안하다는 말 한마디 없고 심지어 금액도 잘못 알려주고 시스템 관리 안 하십니까 마음 편하게 탈퇴하고 다시 사용하지 않으려고요
8833,투어 전에 일전 알람일 전 알람 등 그리고 보기 편한 리뷰까지 좋아요
8834,결제 바뀐 다음부터는 검색 용도로만 쓰지 어플 이용해서 결제를 안 하고 현장 결제한다 진짜 결제가 쉬워져도 모자랄 판에 더 이상 하게 바뀐 거 같다
8835,게스트 호스트 다 만족으로 운 앤이 라 너무너무 좋아요
8836,업데이트 후 예약 문의가 푸시 알림 및 문자로 오던 것이 오지 않습니다 속히 고쳐주세요
8837,로컬 데이 투어 등에 아주 유용한 앱
8838,간편 신속 정확
8839,투어를 중개하고자 한다면 중개하는 투어 상품에 대해 책임감을 가져줬으면 합니다 지금껏 개의 투어를 마이리얼트립을 통해 진행했는데 그중 개가 사기에 가까운 잘못된 투어였네 요건은 가이드 가 입장권을 미리 구매했다고 하였으나 여행 직전 티켓을 못 구하게 되어 입장은 불가하다며 일방적 통보 건은 입장 티켓 교환 방식에 대한 잘못된 안내로 일정 딜레이 잘못된 투어에 대한 배상이나 책임도 지지 않는 이 어플을 과연 우리가 계속 사용할 가치가 있을까요 확률로 비정상 투어가 진행되지 만이에 대한 피드백 및 개선 보상 책임이 없는 어플을 사용할 이유가 무엇일지 소비자 입장에서 고민했으면 합니다
8840,해외 원화 결제 정말 거지 같네요 왜 한국에만 오면 창렬이 되는지
8841,요즘 같은 고물가 시대의 필수 앱 특가 숙박 많이 많이 만들어 주세요
8842,결제 카드 등록이 안 되어 예약을 못하니 짜증 나네요
8843,정말 외국 투어 시 필수 앱입니다
8844,가끔 어떤 상품은 더 비싸기도 하지만 전체적으로 믿을 수 있고 잘 준비된 야놀자라고 생각이 든다
8845,한인 민박 예약하는데 결제했더니 이미 예약되었다 하고 또 결제하고 또 예약되었다 하고 또 결제하고 또 예약되었다 하고 이런 숙소 예약 사이트는 처음 보내요
8846,진짜 무슨 인증 시스템이 이렇게 복잡한 지신분증을 어떻게 확인하길래 사진을 번이나 다시 보내라고 하는지 짜증 나서 못 사용하겠네 요 인증 시스템부터 좀 개선해야 할 것 같네요 아니면 발전 불가능할 듯
8847,코인으로 돈 쓸어 담더니 어플은 관리 안 하시나요 왜 이렇게 느리고 결제도 안 되나요
8848,사용이 편하고 여행에 필수적인 일일투어나 패스가 다양하게 준비되어 있습니다
8849,숙소 예약하는 과정에서 카드 등록하라길래 잘 몰라서 비자 마스터카드가 아닌 등록 안 되는 카드로 번 등록 시도했더니 해외에서 달러 결제가 번이나 되었음 등록이 안 되길래 나중에 다른 카드인 마스터카드로 등록하니 등록이 되었고 달러 차감은 없었음 첫 번째 때 카드 등록도 안 되면서도 대체 달러씩 꼬박꼬박 왜 결제해서 받아 가는 거임 내 돈 내놓으세요
8850,외국 여행 시 단기 투어를 자주 이용함 편안하고 자유롭게 여행하다가 특정 코스를 알차게 관광하는데 유용한 앱 여유 있게 사전 예약하는 게 필수
8851,꼭 유럽에 처음 가보시는 분들이라면 마이리얼트립 앱을 강력 추천드립니다 투어 아이템도 매우 다양하고 알차게 구성되어 있습니다
8852,결제에 대한 부분 에어비앤비는 해외 결제로 되어 있어서 추가 수수료가 발생한다는 점을 미리 자세하게 설명해주지 않았고 추가 결제된 부분 실망스럽습니다 저는 어제 분명 결제를 했는데 다음날 불시에 제가 알고 있던 결제금액과 차액의 돈이 갑작스럽게 빠져나가는 점 정말 당황스러웠습니다 고객에게 이러한 부분 제대로 설명해주지 않아 불친절하다고 느꼈고 당황하였습니다 별개 드림 개인적으로 신뢰가 가지 않네 요혹 시나 싶어 해외 카드 다 막아놓았습니다
8853,여러 투어 상품 보면서 원하는 투어 찾을 수 있고 후기도 많이 도움 되고 좋았습니다
8854,호텔 리조트 항공편 렌터카 쿠폰 등도 예약 구매할 수 있으면 고객 관점에서 더욱 편리할 것 같습니다
8855,호스트입니다 월에 업데이트하였습니다만 전과 비교 시 아래의 문제점이 있습니다 게스트의 댓글에 대한 답글을 쓸 수가 없음 댓글도 화면에 보이는 글까지만 확인할 수 있습니다 더 보기를 누르면 에러 메시지가 뜸 그래서 댓글을 확인하거나 답글을 쓸 수가 없음 비공개 댓글을 확인할 수가 없습니다 비공개 댓글에서 게스트가 숙소의 문제점이나 개선할 문제 등을 적어놓는데 지금은 아예 확인이 안 됩니다 댓글에서 항목별로 자세하게 점수로 표시되어 개선할 거는 개선했는데 지금은 점수별 항목이 모두 뭉떵거려 나옵니다 전과같이 여러 항목별로 나오면 휠씬 나을 겁니다 실적 도전과 같이 월별로 나타내면 좋을 듯합니다 윌 월 일로 구분되어 나타나는 게 아니고 일일로 나오니 정산하기가 어렵습니다
8856,항상 야 놀 자에서 예약해 요 저렴하게 예약할 수 있어서 너무 좋네요 한 번은 현장 결제하러 갔더니 가격이 훨씬 비 씨더라고요 앞으로 야놀자 서 예약하고 다녀야 겟어용 감사합니다
8857,아니 어떻게 다른 사람과 중복 예약이 될 수 있는지 이해가 안 됨 미안하다고 하면서 보상은 안 해주려고 해서 몇 시간 통화해서 겨우 만원 포인트 정도밖에 못 받아냄
8858,상식적으로 대기 예약이라면 결제를 받으면 안 되지 금액 결제가 되면 당연히 예약 확정으로 생각하는 거 아닌가 요 회사가 상식이 있긴 한 건가요 당연히 취소할 대기 예약으로 결제금액만 부풀려서 매출 뻥튀기하려는 건지요
8859,게스트 호스트 갑을 없이 진행되는 부분이 좋습니다 서로 배려와 조심스럽게 대할 수 있어 좋은 것 같습니다
8860,전반적으로 여행 준비할 때 깔아두면 좋은 어플 확실히 설명도 잘 되어 있고 투어나 패스권들도 잘 되어 있음
8861,게스트 모드 호스트 모드 편리하게 잘 사용하고 있습니다
8862,최고의 숙박 앱 정책이 확실하고 가장 좋은 건 문제 발생 시 피드백이 엄청 빠름 그것도 한국 사람이 전화를 직접 해줌
8863,호스트가 사용하기에 정말 문제가 많은 앱입니다 개발자분들이 직접 꼼꼼하게 테스트를 해보세요 한두 개가 아니라서
8864,해외여행 시 현지에서 바로 사용할 수 있는 티켓 구매 시 매우 편리합니다
8865,업데이트되고 사전 승인도 제대로 안 되고 결제도 이상해졌음
8866,하나카드 결제가 앱과 컴퓨터 둘 다 안 되는 거면 불가능하다고 봐야겠죠 그냥 찾아가서 결재합니다
8867,룰렛 개월째 단 한 번도 안 걸리는 거실화인가요 확률이 너무 낮은 거 같습니다 매일 하는데 좀 심하네요
8868,소액결제 간편 굿
8869,금액이 정확해서 좋습니다 나중에 결재할 때 금액이 변하지 않습니다 제휴 호텔이 많아서 좋습니다
8870,그동안 잘 쓰고 있었는데 업데이트된 이후로 결제통화를 변경하면 로그아웃하고 다시 재어 로그인 원화 달러 하면 한국과 미국 센터가 다르게 들어가지고 예약 도 달러로 결제하면 한국 센터에서는 확인도 안 되고 매우 불편하네요 가끔 로그인도 안 되고 고객센터는 한국어 가 능 외국인들이라 의사소통도 어렵고 어렵다 안 된다 모른다 죄송합니다만 되풀이할 뿐 해결이 안 되네요
8871,계약금 입금하고 나머지 잔고 메일로 보내면 요즘 메일 쓰는 사람 몇이나 있다고 그걸로 퉁김 어플 알람을 해야지 이럴 거면 어플 왜만 듦 그리고 계약금은 돌려도 못 받음
8872,업데이트 후에 한국 사이트로 설정하면 원화 결제 말고 달러나 다른 걸로 결제는 선택을 못해놓게 했네요 정말 불편해져서 다른 플랫폼으로 갈아타야 하나 고민이 될 정도입니다
8873,별도 아까 움 스트레스만 줌티켓 샀는데 문자도 이상하게 와서 전화하게 만 듦 전화하면 다른 데 전화하라고 한 거기로 전화하면 또 자기네 소관이 아니라 함 목덜미 잡게 하는 앱 임기 분 망치고 짜증 만나게 하는 최악의 앱
8874,다른 분들처럼 예전엔 그러지 않았는데 다른 숙소 보다가 뒤로 가기 누르면 맨 위에서부터 새로 고침 되네요 정말 불편합니다 어플을 지웠다 깔아도 그대로예요 버그 개선하시길
8875,업데이트 후 달러 결제가 막 너무 불편함    말고 앱을 써야 하는 이유가 사라졌음
8876,화폐가 변경 불가해 외 숙소는 해외 화폐 변경 빌이    웹과 모바일웹 연동 늦음
8877,갑자기 로그 아웃되고 쓰던 앱이 변경되고 전에 쓰던 앱 편했는데 요금도 캔 달러로 나와서 좋았는데 왜 국가 선택하면 선택한 나랏돈으로 만 나오나요
8878,점도 아까 움ㅡㅡ 숙박 대 전 ㅋㅋㅋㅋ 예약하고 확정된 상태에서 취소 안내가 와서 처음엔 넘겼음 근데 번이나 그것도 확정 안내 온 지 일주일 다 돼가는데 취소를 해야 된다고 하는데 숙박 대전 표시 왜 해놓는 거죠 해당 업체 아니라면서 숙박 대전이라고 올리고 결제 완료까지 받을 거면 하지를 말던가 저녁에 시다 돼서 취소해야 한다고 하면 기분이 나쁘죠 포인트 줘도 안 가져요 개선한다고 말만 하면 단 가요 개선이 어디가 된 건지 말해보세요 ㅋㅋㅋㅋㅋㅋㅋ
8879,다른 숙박업소 어플에 비해 더 저렴한 거 같고 날짜 변경 안 되는 상품도 친절히 변경해줘서 만족합니다
8880,앱 업데이트 후에 한국으로 선택하면 통화가 원화로 고정되고 달러로 변경을 할 수가 없네요 해외 승인인데 해외 원화 결제     되는데 이중환 전 수수료 이슈를 생각하지 않는 듯합니다 아니면 의도했거나
8881,결제 중 카드가 계속 거절당하는 데 불씩은 계속 가져가네요
8882,데일리호텔 알고 나서 수년째 사용 중입니다 직 관적으로 보기 좋습니다 다른 사이트는 결정하고 결제하려 하면 세금 등의 추가 비용 발생해 서 불쾌한데 결제가격 변동이 없어 좋습니다 리뷰도 실사용자들에 의한 것이라 대부분 정확합니다 아직까지 숙소 실패 없었습니다
8883,다이닝 및 숙박 저렴하게 검색하여 편하게 결제하여 사용할 수 있어 요 자주 사용하고 최 새 호텔 예약 어플이 되었어요 간편하게 카드 등록해 놓으면 결제까지 너무나 편리하게 시스템이 되어 있어 귀차니즘인 저에게 유용하답니다 레이트 체크아웃 같은 특전이 많으면 더 좋을 거 같아요
8884,갑자기 앱이 바뀌고 결제통화 변경이 안 되네요 즐겨찾기 표시한 곳도 안 보이고 앱이 이전보다 더 불편해졌어요
8885,차이를 통해서 할인도 좋고 호텔 소개 예약 간편해서 좋아요 한 가지 불편한 사항은 다른 앱들은 한 번에 방 여러 개를 동시 예약 가능한데 야놀자는 지원 안 되는 것 같네요
8886,여러분 카드 사용 내역을 꼼꼼히 보세요 해외 사용 후 꼭 해외 결제 차단을 해놓으세요 친구 메일로 월에 건 에어비앤비 결제 결제 취소 등등 메일이 왔고 결제는 내 카드로 몇 건 되었어요 월에도 계속 시도를 하고 있었고 몇 년 전같이 여행 간 기록만으로 쉽게 부정청구를 할 수 있는 시스템 독일 갔을 때도 독채를 빌렸는데 옆방에 남자가 거주를 하고 있었고 환불은 제대로 되지 않았던
8887,편리하나 강비 절차가 복잡하고 시간이 소요됨
8888,환불 어이없다 호스트가 취소하래서 해줬더니 호스트가 취소해야 된다고 말해 더니 계속 쌩 깜 고객센터도 호스트 타령만 하고 호스트 방개 등록해서 환불 거부만 해도 얼마야
8889,저번에 비추라고 했긴 했는데 이번에 전화 온 거 보고 아 그래도 연락은 하시는구나라는 걸 알 수 있었음 소액 과다 청구는 이 앱 본사가 외국에 있어서 카드사에 추가로 요금 내는 거라 한결 재할 때 관련된 거 따로 팟하고 나왔으면 좋겠음
8890,처음 예약해봐요 아직 체크인 전이라 걱정 반기 대반이네요
8891,개별 숙소에 대한 신뢰성이 매우 낮음 지난 일코타키나발루 숙소 담당자의 잘못으로 체크인하지 못한 경우가 발생하였습니다 하지만 환불은 물론 어떠한 해명도 듣지 못했습니다 해당 앱으로 진행시 더블 체크는 필수이며 가능한 한 현장 결제하는 것이 좋습니다 이 사이트는 중간에서 조율 같은 업무는 하지 않습니다
8892,해외에서 원화로 승인이 되어요 몰랐어요 해외 원화 결제 싫어하거든요 그래서 예약하자마자 바로 취소하려 하니 일전인데 프로만 환불 이래요 도 움 요청 메뉴 나의 견 남기기가 도 안내를 못 찾겠네요 결국 그냥 숙박하러 가고 이번 숙박 지나면 앱 삭제하려고요
8893,진짜 앱이나 사이트 자체가 허술하다고 보입니다 절대로 카드사에 해외 결제해 놓지 마시고 호스트가 개인 대화로 현금 결제를 요구합니 다 하지 마세요 그냥 준비가 안 된 어플과 사이트 라 너무 사기를 당하는 사람들이 많을 것 같아서 글 씁니다 사이트 들어가면 초기에 주의하는 글을 적어놓을 만도 한데 하나도 없고 그냥 초반부터 숙박 사진만 엄청 올라와 있어요 그래도 이 앱을 사용하려고 하신다면 어플에서 자세한 내용들을 찾아보고 호스트에게 당하는 사람 없으셨으면 합니다 저는 한 번 현금결제를 당하고 나서 글 쓰는 거니 알아서 잘 대처하시고 좋은 여행하셨으면 좋겠네요 호스트가 현금 결제를 요구하면 돈 보내주시지 마시고 그 호스트를 신고해주세요 증거도 남겨도 시구요 호스트에게 현금 결제를 하시고 나중에 불상사가 일어나 환불받고 싶어도 못 받습니다 메시지를 보내도 돈을 보낸 뒤엔 읽고 씹어버리니 조심하세요 다른 사람들이 안전하고 싶으시다면 꼭 읽어보십시오
8894,숙소 값에 미 포함 금액이 포함 안 된 가격을 가장 크고 진하게 써서 그게 방값인 마냥 해놓고 방값만큼의 미 포함 금액을 나중에 잘 보이지 않게 작은 글씨로 표시해서 소비자들 뒤통수치고 난 금액 퍼센트 떼먹는 전형적인 기생충 같은 앱 타사 앱보다 방값 싼 것처럼 위장하는 쓰레기 같은 앱입니다
8895,제가 이번에 연월 일부 산 광안리 불꽃축제 갈려고 월일 날에 광안리 투 헤븐 호텔 예약을 했는데 가격이 만 원이 미결제된 상태이고 그리고 예약 취소 불가능이다고 하길래 일일 앞당겨두고 어플을 투 헤븐 숙박 객실 보니깐만 원이라고 하고 고객센터 전화해봤지만 변경 불가능하고 취소 불가능하고 제가 만원 손해 보고 광안리 불꽃축 보러 갑니다 그 뒤로 이 어플 안 씁니다 완전히 바가지 씌웠네요 ㅡㅡ
8896,여기어때 동대구 리더스 모텔 예약을 했습니다 이미 결제가 다 되고 일전 예약이 된 상황이고 새벽 시에 잠만 자기 위해 들어갔는데 폰 충전 중 부재중 전화통을 와 있는데 일방적 취소했습니다 어플은 취소 안내나 전화 안내도 없었고 모텔 측은 어플 내에서 안내 전화나 문자 전송했다고 했습니다만 받은 내역 일절 없고 그 자리에서 모텔 측 인정했습니다 지금 이 시간 글 쓰는 내에도 안내 일절 없습니다 장난합니까 문자 전송 오후 시에 왔습니다 인증 캡처 내역 있고 현장에서 직원분이 어플 측으로 연 랃한다 했습니다 조치 내역 좀 안내 바랍니다 새벽 겨울 영하 내에서 돌아다니게 해서 참 어이없습니다
8897,차이 결제 시 할인 중 괜찮은 주로 아고다 이용하는 데 가끔 이용함 금액 차이가 별로 없다면 데일리 이용하는 편입니다
8898,변동 가능성이 크다 정확한 주소가 게시되지 않으며 예약이 반려될 수 있다 그러나 여전히 매우 유용한 시스템이다
8899,월 한 달 동안 터키에 머물렀습니다 데니 즐기 지역의     라는 호스트가 체크인 조금 전 예약 취소하고 아직까지 환불도 안 된 상태입니다 처음에는 에어비앤비 측으로부터 입금이 안 됐다고 환불을 미루더니 비트코인 계좌가 있느냐 자기는 해외은행 거래를 안 한다는 등사기꾼 같은 말만 합니다 에어비앤비 측에서도 해결하려는 노력이 안 보입니다 숙박비를 받아놓고 서로 미루는 모습 같습니다     라는 사람 특별히 조심하시고 에어비앤비도 조심하시기 바랍니다
8900,리뉴얼하고 시스템이 불안정한 듯함
8901,앱 변경된 후보기도 불편하고 내 여행에서 확인도 잘 안돼서 너무 불편해서 다른 호텔 사이트로 변경하려고 합니다 예약이 제대로 안 될 거 같아 불안합니다
8902,와 너무 구려서 처음 리뷰 씀 주고 치면 이상한 곳으로 나오고 와 이렇게 구린 숙박 어플 처음이에요 제 발 개선 좀
8903,이 어플이 제 다시는 사용 못 하겠어요 결제까지 완료되고 카드 내역에도 결제된 거로 뜨는데 예약 처리가 안 되어서 확인 위해 카카오톡 상담도 남기고 전화도 몇 통했는데 전화는 끊어버리고 카톡도 읽고 씹어버리네 요 소비자원 쪽에 연락해서 카드 결제 취소하고 앱 삭제해버릴 거예요
8904,빠른 예약 및 취소 간편결제 다양한 숙소
8905,이제 그만 광고 떠주세요 ㅇㄱㅇㄸ보다 쿠폰도 많고 요즘 차이로 결제하면 최종 결제금액에서 프로 할인도 가능해 요 방금 연에서 쿠폰으로 원하고 차이 결제로 원 할인받아서 원에 방 잡았어요
8906,집을 이사하는 데 일정이 보름 정도 맞지 않아 첨으로 사용해 봐 요 편리하고 좋아요 장기 여행이나 이사 집 리모델링할 때 강추입니다
8907,가격대 설정하는 게 안 돼요 최대 금액을 줄이려고 했는데 최소 금액 높이는 것만 되고 최대 금액 줄여지는 건 안 되네요
8908,호캉스 풀빌라 펜션 등 항목 구분이 잘 되어 있어서 좋고 급여행 떠날 때 바로바로 예약하기 편해요 사용법이 우선 너무 간단해서 좋고 다양한 호텔 프로모션도 진행해서 정말 저렴하게 호텔 예약도 가능하고요 다 만 환불 규정이 호텔마다 계속 달라지니까 꼭 확인하고 결제하시거나 무통장 입금이 조금 더 안전할 수 있을 거 같아 요항상 잘 사용하고 있어요
8909,등록된 정보가 유지되어 일일이 정보 등록이 필요 없어 편리합니다
8910,호텔스닷컴은 다 좋은데 리워드 무료 박 기간 제한을 만기까지 개월도 안 남기고서야 알게 됐네요 좀 더 길 엇으면 후
8911,매우 유용하고 해외 개인 휴가 시 잘 사용하고 있습니다
8912,장기숙박 시 환불이 최악입니다 월 결제되고 추가로 숙박한 거 추가 결제돼서 환불받는 금액이 최악이네요 이럴 거면 장기 숙박 장점도 없고 이렇게 될 줄 알았으면 다른 어플 이용하거나 장기 숙박으로 예약을 안 했을 텐데 너무 실망스럽네요 다른 분들은 장기 숙박은 하지 마시고 주일 단위로 하던 지 한 달 단위로 하던 지하세요 일 숙박하고 환불했는데 월 결제되고 추가 결제되고 만원 피해봤는데 답변이라곤 자동 답변으로 처리하네요 저처럼 피해 입는 분이 없었으면 좋겠습니다 그냥 다른 어플 이용하시는 것도 괜찮아 보입니다 진짜 처음 이용해보고 손해 본 금액이 만 원 되니까 어이가 없을 정도입니다 이럴 거면 그냥 호텔에서 숙박하지 뭐 하러 이런 어플 깔고 이렇게까지 스트레스받는지 모르겠네요 지금 설치하기 전에 다시 한번 생각해보시고 리뷰도 잘 보시고 선택하시기 바랍니다 안내 문구도 없고 문의하면 자동 답변으로 답변 오고 진짜 욕 나오는 건 기본이고 핸드폰 던질 뻔했습니다
8913,일본 여행 준비하는 데 호텔 예약이 걸로만 하게 되네 오월에 제주 일정 예약하는데 야ㅇㅇ 여ㅇㅇㅇ 등보다 저렴하네요 같은 방인데 뭔 차인지 아무튼 이 레저에 사용하다 보니 이 앱만 쓰게 되네요
8914,이 자체로 완벽한 어플인지는 잘 모르겠지만 숙소 검색 필터링이나 예약 및 결제수단 분야에서 가장 편리하다고 느꼈습니다 저는 등록된 숙소나 조건이 다를까 봐 다른 어플도 함께 뒤져보곤 하는데 결국 부킹닷컴으로 돌아오게 되네요 개선점을 하나 찾자면 숙소 예약 전문의 사항을 메시지로 주고받을 수 있다든지 그런 시스템이 생기면 좋겠어요 어플 내독처럼 가볍게요
8915,게스트를 뜨내기 취급하는 업제 뉴스로 접하는 것을 실제 경험하니 황당하기도 하고 정말 열받더라 호스트가 일방적으로 예약 취소해도 게스트 따위는 찍소리 못하고 손해 감수해야 함 답신안 쓴다
8916,번 결제 그리고 번 취소 결국엔 결제 포기 댓글이나 기사를 찾아보니 취소된 결제도 돈 빼간다고 하던데 만약 그렇게 되면 소비자 고발 센터든 언론이든 카드 사든 여기저기에 모두 들쑤셔 놀 거임
8917,개월 전에 예약했는데 한 달 남겨놓고 일방적 호스트의 취소 이유는 자기들이 쓴다는 거근 데 더 어이없는 건 내가 할 수 있는 것은 화삭히 고 다른 곳을 찾는 거 쓰레기 호스트만을 위한 쓰레기 앱 다신 안 쓴다
8918,숙박정보를 간결하게 볼 수 잏어서 좋았어요 덕분에 좋은 여행했습니다 다만 한 가지 개선했으면 하는 기능이 있습니다 호텔 검색 필터를 사용하는 경우 항목을 한 가지씩만 적용되는데 동시에 여러 항목을 쓸 수 있으면 더 좋을 것 같아요
8919,최악이었습니다 주차 자리 내부 주차장이 비어 있음에도 모텔 입구에 주차하라 하네요 호텔스닷컴에는 오션뷰처럼 올려뒀네요 여기서 예약한 방은 만 원짜리 방이라서 오션뷰 없답니다 추가 요금 지불할 테니 오션뷰로 올려달라니 추가 요금만 원 냈습니다 다시 전화 와 서 주말이라 만 원 더 결제해야 한 대서 만 원더 결제해야 한답니다 모텔 측과 실린 정으로 디스카운트 천 원만 내달래서 알겠다 했습니다 외출하여 돌아오며 추가 결제하려니 월 결제한답니다 사실 주말 추가 요금만 원이랍니다 총만 도시뷰방오션뷰만 주말 만 만원 냈습니다 절대 호텔 측에서 말실수인 정안합니다 저는 인정한 단말을 들었더라면 이렇게까지 안 합니다 그냥 후기 남길 테니 결제해 줄 거다 해주겠다 하니 감사하다니 다 녹취 녹화다 해놨으며 응대 직원에게 유튜브 및 인스타 업로드하겠다 하니 그렇게 하라며 더 으름장 놓
8920,저는 첫 이용하면서 가장 편했던 부분이 바로 빠르게 예약 여부 확인되고 체크인 되는 것이었어요 차이 앱 결제하면 할인도 되고 좋습니다ㅎㅎ
8921,편하고 한눈에 보기 쉽게 되어 있어요 특히 결제 시스템이 너무 편하고 좋아요
8922,최악입니다 어떻게 카드 비번 없이 카드번호와 유효기간 뒷장 코드만으로 결제 처리가 되는 건가요 분실 카드로 얼마든지 결제 가능한 시스템이네요 다음에 이용하려고 시범 삼아 카드 등록했다가 결제돼 버렸어요 취소도 안 되고 원치 않는 호캉스 누리게 생겼네요 기가 막니다
8923,예약할 때 체크인 시간이 안 나와서 당연히 시나 시 일주 알고 예약하니까 밤실에 체크인 장난치는 건 가 거기에 환불도 안 되게 되어 있네 이게 사기 아니면 무엇인가
8924,달력 보기가 너무 불편해졌어요 최소 한 달력 별칭이라도 나오게 해주세요 제발
8925,전체적인 시스템이 사용하기 편하고 사용이 편리하더군 요 컴퓨터로 결제 중에 결제 못하고 핸드폰으로 교체하는 사이에 공유자원이 제한되어 있어 잘 결제할 수 있었습니다
8926,결제하려면 본인인증을 해야 하는데 신분증 사진이랑 다르다고 예약도 못함
8927,좋은 정보 간편결제
8928,결제 너무 귀찮음 해외 가는 거면 모를까 국내 여행에서도 굳이 비자카드를 써야 하는 게 귀찮음
8929,별 하나도 아까운 사이트 알림 보내서 같은 등급 비싸게 결제하게 해놓고 고객센터 전화해서 아기 하니 취소하라고 자기네 사이트 가격이 비싸니 나 보고 취소하고 따로 결제하라고 부킹닷컴 서비스 참 가관이 내
8930,예약 후 결제까지 했는데 번이나 다른 지역의 리조트 예약을 했는데 전화 와 시 객실 마감이라고 취소가 되었다고 연락이 오네요 야놀자는 잘못이 없고 시스템에 문제가 있다고 하고선 그럼 누가 잘못인가요 예약한 사람이 잘못인가요
8931,방 찼다고 알림 뜨면서 결제 취소됐는데 알고 보니 예약돼 있었고 나중에 확인해서 전화하니까 카톡으로 예약 알람 가니까 환불해 줄 수 없다네요 ㅋㅋㅋㅋ시스템 오류 상의 문제로 피해를 봤고 카톡을 확인한 경우에도 당일 예약이었어서 환불도 제대로 못 받았을 텐데 왜 앱의 오류로 예약된 돈을 내가 다물어야 하는지 모르겠음 ㅋㅋㅋ
8932,너무 잘 쓰고 있어요 특히나 휴양지에서는 이제 정말 가고 싶은 리조트나 특별한 호텔 있지 않는 한 거의 비앤비로만 가게 되네요
8933,여러 폔션 한 번에 결재 안 돼요 카드 페이 안 돼요
8934,자세한 설명과 간단한 결제 시스템
8935,여행 갈 때마다 여러 가지 어플들을 찾아보고 사용해봤지만 이번에 제주도 여행을 갈 기회가 생각 데일리호텔을 이용하였는데 데일리호텔이 호텔 수도 많고 더 자세한 내용까지 나와 있어서 더 편리하고 쉽게 이용할 수가 있어서 좋았던 거 같았다
8936,웹에서는 다 보이는 위시리스트가 앱에서는 끝까지 스크롤이 안 되는 불편은 언제쯤 개선이 될까요
8937,게스트로 하든 호스트로 하든 수수료를 엄청 떼먹습니다
8938,카드 등록하니까 아무 말 없이 불 빼놓고 결제 불가능 카드라고 해버리네요
8939,합병 후 좀 더 좋은 호텔 리조트가 라인업 되어서 좋아요
8940,어플에서 결제 화면에서 멈추고 결제는 되었다가 취소되었네요 다시 결제했는데 예약 내역에 안 뜨는 데 어플 문제 있나요
8941,신분증 인증 사진을 도대체 얼마나 선명하게 찍어 올리라는 겁니까 다섯 번째 다시 올리라고 하는데 이미 더할 나위 없이 선명합니다 결제금액보다 만 원이 더 결제되었길래 문의했더니 추가적으로 부과된 금액은 카드사에서 부과한 해외 결제 수수료로 보입니다 에어비앤비는 해외 플랫폼으로써 비록 여행지가 국내일지라도 이용 중이신 카드사에서 에어비앤비와의 결제를 해외 결제로 인식하게 되면 수수료를 부과하는 경우가 있습니다 국내 카드로 국내 업소 결제했는데 해외 사용 수수료 가 붙는 거는 우린 모르겠으니까 카드사 문의해봐라는 답변이 최선인지요 이런 문제는 에어비앤비 측이 미리 카드 사랑협의해 두던 지 해외 수수료 붙을 수 있다고 미리 공지를 하던지
8942,호텔 뷔페 투어가 취미인데 이 앱 덕분에 저렴하게 먹을 수 있을 뿐만 아니라 후기도 굉장히 많아서 좋아요 호텔 마니아들에겐 필수 앱입니다
8943,장기 투숙 영등포 캡슐 하우스 게스트 아고다 하는 사람 한 해서 한 달만 원 짐이 적은 사람 깔끔한 사람 오시면 환영해요
8944,알림 받기 해놓고 특가 나온 거 한 번씩 결제해가는데 참 좋습니다 갈 때마다 가격 다 만족해요
8945,다른 어플과는 비교 불가 데일리호텔 사용한 지 벌써 년 째인데 항상 만족스럽고 빠른 피드백이 너무 좋습니다
8946,금액에 세금 봉사료 불포함을 크게 알려 춰야 좀 더 정확할 텐데요
8947,타 앱들은 결제창으로 넘어가면 텍스가 포함되어 가격이 달라지는데 데일리호텔은 바로바로 룸 타입별 결제가격으로 명시되어 있어 너무 편해요
8948,명선 택하면 명이 방만 안내해줘야지 계속 명망은 왜 나오는 거야
8949,앞으로 호텔스닷컴 이용하지 않을 것입니다 현지 언어는 지원이 안 되고 영어만 지원되며 애플리케이션은 오류가 자주 발생하고 무엇보다 불편합니다 오랫동안 사용했으나 피드백도 느리고 하여 더 이상 사용하지 않을 것입니다
8950,내 카드가 아고다에서 해킹당해서 만 원이 카드에서 인출됐습니다 대체 이게 무슨 날벼락인지 그래서 여행 호텔들 모두 취소했습니다 아고 다 카드 등록 시 너무 보안에 취약한 것 아닙니까
8951,다 좋은데 웹에서 국내 카드 결제가 되는데 앱에서는 안 되는 이유가 뭘까요 요즘은 앱을 더 많이 사용하는 데 개선될 사항이라 생각해서 평점별 하나는 뺐네요
8952,진짜 관리 좀 할 때마다 불편한데 예약 취소 안 되는 경우 시간이 있는데    시간을 적어두던가 아니면 미리 안내를 하던 가해야 죠 숙박업소에서 취소도 못하는 시스템인데 왜 그쪽으로 안내 가도록 되어 있는지 모르겠네요 코로나 때문에 든 거는 알겠다 만 개선 부분은 얼른 개선해 나가야 할 것 같아 요 몇 번째인지 모르겠습니다 관리는 하시나요 대응이 하나도 안 되어 있어 요물과 개월 전부터 똑같네요
8953,카드 한번 등록되면 자동 결제됩니다 절대 취소 안 해 줘요
8954,결제 중복 시스템 오류
8955,    가 직관적이고 사용하기 편리해 요 지난번에 갔다 온 호텔을 재방 물 할 때 재어 예약하는 것도 편리하고 실제 체크인 일정 전에도 재어 알림을 주는 점 그리고 무엇보다 복잡하지 않고 쉽게 사용할 수 있어서 좋아요 다른 어플들 많이 사용하다가 이래저래 불편함도 많고 좋은 호텔이 많이 없어서 별로였는데 데일리호텔은 딱 원하는 호텔들이 많아서 좋아요 호텔 예약 어플 다 지우고 결국 데일리호텔 만 남았는데 정말 편하게 잘 쓰고 있어요 아쉬운 점은 어플 내에서 예약 정보 창에 들어갔을 때로 텔 주소가 꾹 누르면 복사가 되면 좋겠어요ㅠ
8956,결제 시스템의 복잡하고 인식 부족 다양성 부족 계좌이체 불가 체크 직불카드 불가
8957,세부사항이 좀 더 추가됐으면 하고 요 데일리호텔 앱으로 예약하면 추가 요금이 있는데 그 부분에 대한 자세한 설명도 있었으면 해요가 족 또는 반려동물과 갈 만한 곳이 많이 없는 거 같아서 아쉽네요
8958,호스트 모드에서 달력 변경하면 오류계 속 뜹니다 앱 삭제 후 다시 깔면 되는데 이렇게 계속 쓰고 있습니다 수정해주세요
8959,날짜 필터 계속 리셋되어서 결국 날짜 잘못 입력하여 결제되었고 만원 날렸습니다 체크인 되었기 때문에 어떠한 환불도 해줄 수 없다고 하네요 밤실에 오늘 체크인하는 고객이 있으면 얼럿이라도 띄워야 하는 거 아닌가요 이럴 경우 고객이 피해를 볼 수 있다 이 부분을 방지하자가 개발 자랑 기획자가 하는 일 아닌가요 이러한 기획개발 과정 때문에 왜 사용자가 피해를 봐야 하는지 나름 여행 갈 때 여기어 때에서 예약했었는데 계속되는 실수에 앱 삭제했습니다 이외에도 오버부킹 이슈 연락 지연 등 할 말하아닙니다
8960,체크인 날짜도 척척 알려주고 보기 편하게 앱이 정리가 돼 있어서 너무 좋네요 앞으로 호텔 예약은 데일리 통해서만 하게 될 것 같아요
8961,이번 홀리데이인 송도 숙박은 대만족이었습니다
8962,이용하기 편한 앱이 예 요 리뷰 남기는 것도 앱 들어가면 자동 팝업으로 뜨고 체크인할 때 되면 알람도 와서 잘 체크할 수 있었어요 아직까지 딱히 크게 불편한 점이 없어서 현재 호텔 가격 대랑 시설 사진 보면서 잘 사용하고 있습니다 리뷰에 사진 첨부도 할 수 있으면 좋겠어요
8963,실사용자에게 정말 유용한 앱이네요 실시간 예약 및 체크인 시알린 서비스까지 정말 여행자들에 필수 앱이네요
8964,아이가 있어서 모텔보다는 호텔을 선호하는 편이라서 여기 요 같은데 보다 훨씬 편안하고 깨끗한 곳이 많이 등록되어 있어서 좋아요
8965,카드 결제가 그렇긴 하네요 일반화된 간편결제 앱과 연동돼서 결제하면 좋을 듯해요 카드번호를 안전하게 관리한다 하지만 좀 그렇네요
8966,아고다에서 예약이 호텔로 넘어가지 않아 호텔에 제 예약 사항이 뜨지 않아서 체크인에 어려움을 겪었습니다 다행히 호텔 측에서 제 예약 확정 시를 보고 방을 주긴 했지만 당황스러운 경험이었습니다
8967,숙박이 앱에 나와 있어서 돈을 내고 합당하게 예약을 한 건데 막상 도착해보니까 자리는 없었는데 착오가 있었다면서 나가거나 다른 손님들이랑 같이 숙박해야 할 수도 있다고 하는 건 있을 수 있는 건가요 심지어 성수기의 울릉도여서 다른 숙박은 알아보지도 못하는데 그렇다고 섬이라 집으로 돌아갈 수도 없고 너무 당황스러웠어요 결국 저희가 빨리 와서 다른 분이 쫓겨나셨고 그분은 무슨 잘못인지 결제상으로는 만원 전액 환불받고 그 만 원을 펜션 주인님께 드리는 쪽으로 처리하기로 했습니 다만 결론적으로 아고다의 시스템 문제 때문에 생긴 일인데 적어도 그 환불액만큼은 사과와 함께 최대한으로 당일 처리가 될 수 있도록 해야 하는 거 아닌가요 아고다 평점도 괜찮고 유명해서 믿고 쓴 거였는데 적은 금액도 아니고 많은 금액을 주고 큰 똥을 받았네요 ㅎㅎ
8968,날마다 특가가 떠서 좋고 사전에 알림 기능도 아주 좋습니다 자주 애용합니다
8969,데일리호텔 덕분에 할인받아서 좋은 호텔 잘 이용하고 왔어요 예약하자마자 데일리에서 연락 와서 인원 체크나 궁금한 점 바로 물어볼 수 있어서 좋았습니다 취소하거나 예약 변경도 편리해서 좋아요
8970,숙소에서 결제 선택했는데 바로 카드 결제되어버리고 예약 취소했는데 환불도 안 되고 고객센터는 어딘지도 모르겠고 거지 같네요
8971,일부 기기 최신 버전은 숙박 대전 지역 편 페이지에서 전체 동의 눌러도 체크 안 됨 선택 지역 쿠폰 받기 무반응으로 쿠폰 발급 못함 다른 이용자와 다르게 동의 항목이 개로 개 더 많음
8972,하와이행 항공권 예약이 안 돼요
8973,해외에서 한국 방문했는데 결재가 너무 드네 요한 국번호도 없고 시스템이 너무 복잡해서 시간 넘게 ㅡㅡ 그냥 신용카드 결제됐으면 좋겠어요
8974,호텔 예약은 역시 데일리호텔   쇼핑으로 다른 호텔도 결제했었는데 그때는 일 처리가 깔끔하지 않아서 여행 당일 고객센터 전화하고 정신이 없었는데 데일리호텔은 확실하게 기록도 잘 남겨져 있고 예약 확인까지 알림 뜨고 좋더라고요 다음에도 이거로 예약해야겠어요 제일 편한 것 같아요
8975,사용자 동의 없이 전면 광이고 뜸
8976,모텔 사진과 다른 숙소라면 환불 내지 보상을 해주어야 하는 거 아닌가요 왜 개선만 몇 년째 하는 건가요 소비자가 피해를 본다면 그에 준하는 보상 내지 제대로 된 환불이 이루어져야 하지 않을까요 왜 숙박업소의 정보로만 잣대질을 하시는 건 지원 숙박업소 정보 등록을 못하게 하던가 돈 벌 생각만 하 말고 서비스에 신경 좀 제대로 쓰세요 다시는 이용 안 합니다
8977,여기어때야놀자 호텔 스 콤바인 등등 다양한 여행 어플을 사용 중입니다 요즘 어플들 사용성은 다들 상향 평준화되어 있어 서 비슷한 듯합니다 조금의 차이는 있겠지만 그건 취향 문제인 것 같아서 논외로 하고 이 어플의 가장 좋은 점은 다른 나머지 어플들보다 가격이 싸다는 것 그거 하나면 쓸 만한 거 아닐까요
8978,밖일 간 일정 계획 전혀 없이 제주도 여행 가서 매일 숙박을 이어 플로 좋은 호텔 저렴하게 이용했네요 호텔 가격이 날마다 다른 점은 좀 궁금하네 요 시세가 달라지는 건가요
8979,그냥 메인 페이지는 다 허위
8980,좋아요 특가 안내가 나오면 저렴하게 이용 가능 해저에게는 필수 앱이네요
8981,해외여행 갈 때 몇 년째 늘 이용하고 있어 요 정말 편리하고 포인트도 적립되어 저렴한 가격에 좋은 호텔을 쉽게 예약할 수 있고 무료 취소도 가능해서 좋아요 한 가지 단점은 예약 시 신용카드     번호가 우로 표시 안 되고 숫자가 직접 노출되어서 타인이 내 카드를 이용해서 결제된 적이 두 번 있었어요 그 점만 보완되면 좋겠어요
8982,어플 좋아요 할인 정보도 있고 후기도 많고 다가오는 체크인 알림을 주기적으로 줘서 좋네요
8983,최악 항공 숙박 패키지 결제했는데 미리 준비도 안 하고 이벤트 풀어놓은 건지 연락해보니 방이 없대 연락 준다면서 주지도 않고 한참 기다렸다 전화하니 고객 전화기 다렸다고 후 결국 취소 근데 계속 이벤트는 뜸 진짜 확보하지도 않았으면서 먼저 풀지 마세요 진짜 여행으로 이곳 비추합니다 여기서 알아보고 결제해봤자 물량 없어서 물거품 됩니다 다른 데서 알아보세요
8984,카드로 예약 결제하고 단군도 지나지 않아 결제 취소를 했는데 수수료가 만 원이 넘다니 소비자들이 볼 수 있는 고지를 눈에 띄게 해준 것도 아니고 너무 하는 거 아닙니까 아고다 이름값은 해야 하지 않나요
8985,제주도 여행 때문에 사실 오랜만에 사용해 보았는데 검색 기능이나 가격 측면에서 많이 개선된 것 같습니다 앞으로도 구성비 좋은 호텔 많이 이용할 수 있을 것 같아요
8986,빈펄 랜드 티켓 포함 숙소를 잡았는데 예약 확정에서는 인원이 명 더 늘어 있고 티켓은 포함도 안 돼 있고 장난 하나 취소도 안 되고 최악 문의도 안 되고 어쩌라고
8987,가격 신뢰가 좋고 예약과 지불이 아주 편리합니다
8988,출장 다닐 때 숙박비 한도가 있는데 항상 저렴한 가격에 호텔급 숙소를 예약할 수 있어서 좋다 결제 플랫폼이 잘 되어 있다 제때제때 알람을 보내주는 기능도 좋다
8989,아주 엉망이에요 호텔 체크인 시간이 오후 시인 호텔을 체크인 시간을 알려주지도 않고 결재하게 하고 취소나 변경도 되지 않으니 두 번 다시 이용하지 않으며 주위에도 이용하지 않게 얘기할 겁니다 서비스가 아주 엉망이에요
8990,최악 중의 최악 보이스피싱과 다름없는 어플 등록한 카드 승인이 제대로 되지 않아 호텔에서 카드를 재등록해 달라는 메일이 날아왔고 아고다에서도 시간 안에 카드 정보를 변경하지 않으면 예약이 취소된다는 메일이 날아왔습니다 당장 몇 시간 뒤 가 출국인데 카드 재등록 페이지는 계속 오류가 나서 급하게 전화 문의를 걸었습니다 한국상담창구는 시간이 늦어 닫힌 상태였고 어쩔 수 없이 시간 문의가 가능한 영어 상담 창구에 전화를 걸었습니다 카드 재등록을 해야 한다고 하여 카드 정보를 알 여달라는 말에 따라 카드 정보를 알려줬고 일정도 가 지난 후 가본 적도 없는 영국 네덜란드 등지에서 갑자기 결제 시도 메시지가 날아왔습니다 합쳐서 만 원가량을 우버 부킹닷컴에서 결제하려고 시도했더군요 다행히 해당 카드가 연결된 계좌에서 돈을 전부 빼놓은 터라 결제는 되지 않았지만 하마터면 몇 십만 원이 빠져나갈 뻔했네요 이외에는 정보 유출의 심 정황 없었고요 다시는 이 어플 쓰지 않을 것 같습니다
8991,앱 바뀌고 결제통화 변경도 안 되고 무조건    고 정나라 바꾸면 글자도 다 바뀌어서 찾기도 들고 뭡니까
8992,세금 금액까지 합산해서 나와서 좋아요
8993,저렴하게 예약할 수 있어 좋습니다 다만 해외 결제가 가능한 카드만 사용할 수 있어 불편한 점이 있습니다
8994,친절의 산소통 원활
8995,한국신용카드로는 결제가 안 되는 건가요 삼성카드 사용하는데 마지막 단계에서 삼성카드가 없네요 앱이 있어도 무용지물이네요 다른 분들도 다 그런 가요 아고다도 그러 더 만 여기도 그러네 휴
8996,아고다나 호텔 스컴바인 등 앱과도 가격비교해보지만 데일리호텔과 비슷해서 주로 이용합니다 국내 결제기 때문에 외화 낭비 외국 업체에 나가는 수수료가 아니라 마음도 편해요
8997,다른 업체보다 저렴하게 이용할 수도 있고 예약 후 현장 결제가 더욱 좋았네요
8998,월에 후쿠오카 호텔 예약을 삼성카드로 해서 갔다 왔었는데 월에 또 가기에 호텔을 예약하려고 했더니 삼성카드가 안 되네 요 자꾸 카드번호 다시 제대로 작성하라는 말만 뜨고 그래서 체크카드로도 해봤는데 역시 안 되고 그래서 카카오 파이로 하려고 했는데 카카오페이 선택하고 밀어서 결제하기 한 후 다음이라는 글자 떠서 클릭하면 바로 오류 창 뜨고 이게 뭡니까 그동안 업데이트한 건가요 그렇다고 잘 쓰던 카드 안 되게 만들면 어쩌란 겁니까 바퀴 결제 방식을 내가 몰라서 삼성카드도 사용가 능한데 내가 못하는 거라면 방식을 쉽게 알아볼 수 있게 해놓던가요 그리고 아무리 이것저것 지정해 놓은 카드들 다 클릭하고 해봐도 안 되거든요 아고다 그만 사용할까요 그러길 바라세요 며칠 더 기다려보고 그래도 개선 안 되면 아고다 그만 사용하겠습니다 화병 나서 어디 쓰겠어요
8999,제주도 여행 가려고 한 달 전부터 예약하고 분명 호텔 이름과 위치를 사진으로 찍어서 확인 후 여행을 떠났는데 가보니까 예약이 안 되어 있다고 해서 영수증 보여드렸는데 아예 다른 호텔로 되어 있음 ㅋㅋ시간 다 날리고 영수증에 찍힌 호텔로 갔는데 웬걸 여기로 결제되어 있음 내가 떠나기 전에 번 넘게 확인했는데 내가 처음에 찾아간 호텔이 맞은 근데 왜 내가 결제도 안 한 호텔로 결제가 돼서 강제로 거기서 자야 하는지 모르겠음 제주도에서 숙소 두 번 옮기는 거다 아고다에서 했는데 둘 다 똑같이 지도랑 호텔 명이 실제 보고 내가 예약을 한 곳이랑 결제 영수증에 찍힌 거랑 전혀 달랐음 결국 여행 이틀을 숙소 찾아다니는데 시간 버림 쓰지 마세요
9000,이번에야놀자만 이용하다 숙박 대 전 계기로 깔게 되었습니다    소식 때부터 관심 있게 봤었는데 직접 이용해보니 상당히 깔끔하고 체크인 전 미리미리 알려주는 서비스가 인상 깊었습니다 다음에 또 잘 이용하겠습니다
9001,진짜 다른 앱보다 좋은 게 뭐냐면 달력으로 가격을 알 수 있다는 점 다른 어플은 하나하나 기간 눌러 서방이 있나 가격은 어떤가 다 확인해봐야 하는데 데일리호텔은 기간 설정할 달력 한 번만 보면 어느 날짜로 갈지 쉽게 결정할 수 있어서 좋았음이 게 사소하지만 진짜 편함 데일리호텔로 정착했습니다
9002,거짓 서비스 안내
9003,예약 시 한국 국내 은행 카드 사용이 안 돼서 아쉽다
9004,로그인 없이 사용할 수 있고 선 예약 후 결제 시스템이라 좋네요
9005,유럽 여행부터 제주도 여행까지 냔 정도 부킹닷컴 이용 중인데 너무너무 좋아 요지니 어스 제도가 너무 좋은 거 같아 용 혜택도 많고 나만을 위한 혜택 느낌이라 기분도 너무 좋고요 이번에 정말 기대 중인 제주도 숙소가 있는데 부킹에서 싸게 예약했어요 다른 사이트보다 만원 이상 싸게 예약했습니다 ㅑㅑㅑ 최고에 여
9006,제주여행을 준비하면서 알게 돼서 정말 유용하게 쓰고 있어요 미리 여행 갈 생각이 있는 곳이 있으면 매일 앱 들어가서 데일리 특가 이용하면 최고 저렴이로 이용할 수 있는 것 같아요 이번 데일리 체크 이벤트도 그렇고 통 크게 선물도 팍팍 쏴주네요 ㅎㅎ 앞으로 자주 이용할 듯싶어요
9007,괜찮은데 첫 결제 혜택이 여기어 때 어플에서 첫 결제인가 여 아니면 토스 파이로 처음 결제 시 혜택받을 수 있는 건가요
9008,내가 예약했을 때 명시된 금액이랑 하루 뒤 실제로 결제된 금액이 더 비싸게 결제됨
9009,예약은 좋습니다 국내로 다녀왔는데 네덜란드 암스테르담에서 카드를 썼다고 날 라오네요 그날 금액은 맞지만 뭔가 아주 많이 찝찝합니다 왜 그런지 이유를 알려주세요 실제 해외에서 쓴다면 당황하지 싶은데
9010,출장 다니면서 여기어때만 이용해서 예약하는데 그것도 점심시간쯤 방이 여러 개 뜬 거 확인하고 그중 하나를 예약했는데 비용까지 내고 확정까지 받았는데 오후 시경에만 실이라고 취소한다고 문자만 보내는 게 말이 되나요 숙소도 없고 남은 건 스위트이고 기분이 영 나쁘네요 실망했습니다
9011,내가 호캉스를 좋아한 다 출장을 자주 다닌다 데일리호텔 앱 강추합니 다 이벤트도 자주 해서 꼭 어디를 콕 집어서 가려고 한 게 아닐 때도 슬금슬금 들어가서 특가 뜬 데로 놀러 가는 것도 재미있습니다 조식까지 패키지인 경우도 많고 시간 시간 같은 상품들도 많아서 호캉스를 제대로 즐길 수 있습니다 어플 자체도 직관적이라서 사용하기 아주 좋아요 다른 어플들을 사용할 때 불편했던 같은 방인데 다른 가격이거나 네이밍만 다르고 사진이 같은 경우가 거의 없어요 쿠폰 다운로드한다고 이리저리 움 직일 필요도 없고요 결제도 카드만 미리 올려놓으면 아주 손쉽게 할 수 있어서 국내외 상관없이 급하게 숙소 잡을 때 유용하게 쓰입니다 해외 호텔의 거지 같은 결제 시스템을 이용해 보신 분이라면 이 간편함이 얼마나 편리한지 아실 거에 요 급하게 일정 바뀌었을 때 아주 요긴하게 썼습니다
9012,할인 쿠폰 사용 못 하게 잘 숨겨두고 결제통화 변경도 못하게 하고 결제 전 체크할 수 있게 해주지 않고 바로 결정 취소 못하게 약관 걸고 너무 하네 정말
9013,진심 후지게 변경했네요 이건 뭐 영어 한글 로그인 정보 따로 구분해 놔서 한글로 하면 신용카드 원화 결제 차단해 제도 무조건 해야 되고 일정 공유도 안 되고 보기도 어렵고 등신 같아서 점 줬던 리뷰 수정 등록합니다 딴 데로 갈아타겠습니다
9014,체크인 가능 시작이시고 시반에 체크인도 안 했는데 만족스럽냐 고 리뷰 써달라고 알람 오는 건 무슨 생각인 건가 알람이 와도 다음날에 와야 하는 게 정상 아님
9015,저렴한 가격으로 개월 된 아들과 함께 다녀와 서 매우 만족합니다ㅎㅎ
9016,국내 이용카드 등록은 돼서 달러 결제됐음서 숙박료 지급은 안 되네요     카드인데 아주 실망
9017,카드 결제하는데 오지게 드네요 결제업체 일감 몰아주느라 고 소비자 시간 뺏는 게 눈꼴사 납습니다
9018,카드 등록이 안됨 심 지어 결제했던 카드도 핸드폰 바꿨다고 결제가 안됨이 어플은 쓰면 안 되는 어플임
9019,저 밀크 코인 만원 얻었는데 아직 밀크 코인이 안 들어왔습니다 언제 들어오나요
9020,결제를 하고 싶은데 결제 등록이 안 되는 건 어쩌라는 걸까요 문의전화하니깐 어떤 외국인한테 연락이 오고 문제를 해결해주고 싶은 마음은 있는 걸까요 가장 기본적인 카드 등록부터가 안 되는데 어떤 마음으로 어플을 만들었을까
9021,호텔스닷컴 어플 이용하여 예약을 하였으나 예약란에서 예약 진행 확인이 되지 않아 호텔에 전화하여 확인 결과 중복 예약이 되어 있어 호텔스닷컴에 전화해서 중복 예약 중 한 건을 취소해야 하는 불편함이 발생 개인이 멜로는 예약된 걸로 되어 있으나 어플의 예약란에는 옆 데이트가 안 되어 있어 혼란스러움 믿음이 안 갑니다 즉시 개선 바랍니다
9022,숙소마다 실결제 시 추가 금액이 다소 차이 있지만 급할 때 사용하기 좋아요
9023,가입이 안됨 알림톡 서비스 분 뒤에 인증 문자 옴
9024,예약 날짜도 처음 지정한 거랑 엉뚱하게 되고 날짜 틀려서 무료 취소했는데 나중에 보니 카드 금액 청구돼 있고 골 때리는 사이트 두 번 다시 사용 안 할 거임
9025,아주 편리함 뭣보다 집 방문해서 결제하는 것보다 쌈 지금껏 만원 내고 이용하던 모텔이야 놀 자로 가니까 만천 원이었으면 속은 기분
9026,결제 카드 등록하게 하는데 문제는 계속 오류 남든 록도 안 됨 좀 짜증 나는 어플 최악임
9027,가입하려고 지메일 주소 보냈는데 메일이 안 옵니다 번 보냈는데 하나도 안 오고 스팸 확인해도 안 오고 주소 확인해봐도 안 오고 그냥 삭제할게요
9028,처음으로 이런 거 남겨보네 요도 대체 날짜 설정 게스트 수어 데서 변경하는 거죠 결국엔 날짜 설정 못 찾고 어플 끕니 다 성질 더러워지는 줄 알았어요 개화 나진 짜 답변 감사합니다 어제는 아래 날짜랑 게스트 수가   에 아예 없었습니다 오늘 들어가 보니 생겼네요 이건 알고 계셔야 할 것 같네요
9029,예약하고 확정할 때 총 금액이라 명시되는 것으로 속지 마세요 아래에 추가 요금 꼭 확인하시고 호텔 예약하시길 바랍니다 총 금액이라 명시된 금액은 추가 금액을 합산하지 않은 금액이니 꼭 호텔마다 츄가 요금 부과 확인하시고 저처럼 낚이는 일 없으시길 바랍니다
9030,혼자 왔을 때 주차를 하지 않을 때 얼리 체크인 레이트 체크인 레이트 체크아웃 등 상황에 맞는 할인 혜택이 있어서 연복할 뻔한 걸 밖 비용으로 깔끔하게 할인받을 수 있었어요 후기 또한 도움이 많이 돼서 적은 가격으로 아주 깨끗한 숙소에서 보낼 수 있었어요 카톡으로 바로바로 알림 오는 것 두 매우 편리해요
9031,예약할 때 비자랑 마스터카드는 타 외국계 회사는 없으면 안 되는데 데일리는 국내용만으로도 카드만으로도 예약 가능하며 예약 서비스가 만족스러움
9032,몇 달 전에 예약한 숙소가 여행일 전에 호스트의 의해 취소됐다고 알람이 떠서 고객센터에 연락해보니 호스트가 취소한 거라 자기들도 사유는 모르겠다며 쿠폰만 띡주고 다른 곳 예약하라고 하면 어쩌라는 건지 정말 모르겠네요 일정 다 꼬인 마당에 여행 기분 다 망쳤는데 어마 무시한 보상을 바라는 것도 아니고 기존 예약과 차액이 발생한 부분에 대해 보상 해달라고 하니 이미 쿠폰 사용 허지 않았냐고 답변이 오네요 후기에도 이런 일이 시시비비 발생하고 있는데 무책임한 에어비앤비는 개선해 야 될 게 어떤 건지도 모르고 찍 쿠폰 주면 땡인가요 ㅋㅋㅋㅋ거기에 상담을 계속해주는 건 알겠는데 같은 답변이면 누가 계속 듣고 싶어 하냐 어이가 없네 ㅋㅋㅋㅋㅋ 이러면 누가 에어비앤비를 쓰나 요 지금 계획 다 틀어져서 난리인데 욕할 수도 없고 정말이지 다신 안 쓰고 싶네요
9033,앱으로 예약한 금액이 현장 정가보다 비싸면 이걸 왜 만든 거예요
9034,불친절한 설명과 카드 확인을 위해 출금된 금액이 주정도가 지나도 들어오지 않습니다
9035,   할인 약관에 모두 동의가 뭔가 요 체크를 아무리 해도 안 돼 앱 참 답답하게 만들었네
9036,간편 검색 및 결제 좋아요
9037,야놀자 숙소 알아보면서 예약하기를 좋은데요 다만 결제수단이 좀 아쉽네요 카드로 하니까 불편하고 계좌이체나 무통장 입금이나 예약하면 현금을 낼 수 있으면 좋겠어요 편하게 결제를 할 수 있도록
9038,예약이 너무 간편해서 매번 이거 써요 국내 호텔도 거의 다 되고 여기에 있는 리뷰는 거의 믿어도 됩니다 리뷰에서 별로라고 하면 진짜 별로고 좋다 하면 좋더라고 요 ㅋㅋ 해외여행 갈 때도 자주 이용하는데 괜찮은 호텔을 저렴한 가격에 이용할 수 있어 요 체크인할 때도 앱 보여주면 바로 할 수 있고요 암튼 괜찮습니다 년 동안 쓰고 있어요
9039,호캉스란 말이 생길 무렵부터 다운로드해서 사용한 앱이에 요 휴식이란 용어가 생소했던 제 삶에서 특가를 알려주는 알람을 통해 삶의 질이 훅 올라갔어요 특히 유저들의 리뷰를 꼼꼼히 읽고 난 후 준비하면 마치 다녀온 곳을 다시 가는 듯한 익숙함과 철저한 준비성을 갖게 해주더라고 요 데일리호텔 앱을 통해 이용한 호텔이나 리조트 펜션은 실패가 없었다는 경험이 제가 달력의 빨강 글씨를 대하고 이 앱을 또 누르는 가장 큰 이유가 아닌가 싶어요
9040,앱이 가볍고 일단 예약까지 도달하는 클릭 수가 적어서 편합니다 제일 좋은 건 타 앱처럼 싸게 올려놓고 결제 직전에 세금 불 포함이라고 알려주는 양아치 같은 앱이 아니라서 좋아요 할인율도 좋고 힐튼 브랜드 다이아 멤버십인데 힐튼 빼고 다 여기서 예약합니다 ㅎㅎ
9041,등록업체 관리 좀 하세요 예약만 받으면 끝인가요 취소 환불 규정도 결제하기 전에 명확하게 명시해 주세요
9042,에어비엔비 카드 도용 범죄가 자주 일어나는데 왜 결제 수단을 카드 결제에만 취중 하는지 모르겠네요 한국에 카카오페이나 무통장 입금 가상 계좌 이런 것으로 결제되게 해야 되는 거 아닌가요 내가 지불할 수 있는 비교적 안전한 결제 시스템을 왜 고려 안 하고 카드 결제만 고집하는지 애플 페이는 왜 결제 수단에 넣었는지 애플 페이 쓰는 사람이 많을까요 한국에 카카오페이 쓰는 사람이 많을까요 안전하게 결제될 만한 결제수단이 있으면 더 이용할 거 같은데요 불안해 서 비싸도 다른 숙박 사이트로 돌아서게 되네요
9043,간단하고 쉽게 예약되고 모든 비용이 포함된 가격을 표시하기에 금액 확인이 쉽게 됨
9044,요즘 급여행은 많이 떠나고 있는데 데일리호텔 어플 때문에 좋은 가격에 좋은 호텔에서 잘 쉽니다 특히 제주도로 급여행을 많이 갔는데 매일매일 숙소를 검색해서 예약하는 재미도 쏠쏠합니다 지금도 데일리호 털어 플로 제주도 호텔 예약해서 잘 쉬고 있습니다 급여행 시 데일리호텔 어플 강추합니다
9045,다른 앱들도 많이 사용해봤는데 이 어플이 사용할 때 문제 해결도 금방 해주시고 너무 좋아요 주기적으로 자주 사용하는 데 대만족입니다 사용할 때마다
9046,아고다와 달리 세금 포함 금액으로 나와 보기 편했습니다 아고 다만 이용했는데 더 좋은 것 같습니다
9047,사용은 편리하나 결제한 건과 다른 청구금액이 나오지 않기를 추후에 관리 부탁드립니다
9048,결제 과정에서 카드사 앱 연결 등으로 인해 몇 번의 번복이 있어 뒤로 가기를 눌렀다가 재진행을 여러 번 했습니다 그러다 날짜 설정한 게 초기화가 되었는지 며칠 뒤 예약을 해야 할 것을 당일 예약이 되어버렸어요 날짜 변경 관련해서 호텔에 전화했는데 권한이 없다고 하셔서야놀자 고객센터로 연락했는데 규정상 결제 취소 안 된다는 답변만 들어서 아쉬웠네요 앱 결제 화면에서 결제 직전 며칠부터 며칠까지 예약인지 고객에게 최종 화면 확인하는 절차가 있었다면 좋았을 텐데요 고객센터 상담 원본 말투는 아주 친절하시더라고요 앵무새처럼 안 된다고만 하셨지만 그분들이 뭔 죄겠나 요 규정이 그런 걸 ㅎ어쩔 수없이 예약한 돈은 날려버렸네요 ㅎ 첫 예약이었는데 이렇게 되어버려서 앞으로 앱 이용은 안 하게 될 것 같습니다 많이 파세요
9049,버그가 너무 많음 결제 진행 좀 하고 싶은데 창이 안 나옴
9050,예약은 편리한데 다른 곳보다 숙박 요금이랑 부가비용이 비싸네요 프로 붙는 곳 있어요
9051,이틀 전에 항공권 차량을 예약은 다 되었는데 숙박을 예약하려고 다른 앱들을 찾아보고 했지만 내가 원하는 날짜에 숙박할 수 있는 시설이 없었는데 데일리호텔 앱에서는 상세하게 나와 있고 원하는 날짜에 티오가 있는 숙박시설들을 잘 찾을 수 있게 되어 있어서 순조롭게 여행을 다녀왔다 숙박이 중요한데 어렵지 않게 데일리호텔 앱으로 예약할 수 있어서 좋았다
9052,출장 다닐 일이 많은데 법인카드로 결제가 심 들어서 너무 불편합니다 타 앱처럼 법인카드 결제가 간편했으면 좋겠네요
9053,완전 대 만족 어플 여행 갈 때 필수 앱입니다 결제부터 환불까지 실시간으로 바로바로 진행이 되어 좋아요
9054,결제 취소하려면 개고생 간편 결제가 많아져서 결제 실수로 인한 환불 취소는 좀 편리하게 할 수 있도록 개선이 요구됨 국내 숙박 앱의 공통사항임ㅠ
9055,조금 더 고급스러운 숙박시설을 예매하고 싶을 때 주로 이용합니다 결제 방식의 일반 결제가 결제대행을 통하지 않고 바로 카드 결제했으면 좋겠어요
9056,도대체 왜 비씨카드는 안 되는 거죠 진짜 너무 화나네요 결제를 시도조차 할 수가 없어요 정말 묵고 싶은 방이 날짜가 딱 맞아서 예약하려는데 결제를 못하고 있네요 개선 좀 해주세요
9057,국내도 해외 도 숙소 정보는 젤 나은 듯 아고다는 가격이 싼 거처럼 나와도 세금 외계 산할 때 보면 부킹이 젤 나 음 깔끔함
9058,농협 치즈 라이언 체크카드 사용 중이며    가 맞음에도 틀리다고 합니다 제발 빨리 저 결제해야 하는데 카드 등록이 안 돼요이고요 제 말 등록할 수 있게 해주세요 ㅠㅠ 아니면 계좌이체라도 좋으니 방법을 넣어주세요 당일 다운로드했습니다
9059,저렴하고 예약할 수 있는 곳이 많아 좋아요 또한 무료 취소할 수 있는 기한이 길어서 유용하게 사용하고 있어 요 현장 결제할 수 있어 더 좋습니다 다만 신결제 가격은 세금이 더 부과되네요
9060,광고엔 만원 어플 다운로드하고 들어가면 만원 사기 어플
9061,제멋대로 이벤트 알림 수신 동의로 바꿈 ㅋㅋ네이버 메일로 가입했고 설치할 때 비동으로 체크했는데 나중에 네이버 메일 들어가 보니까 수신 동의로 변경됐다고 메일 와 있음 ㅋㅋ
9062,호텔스닷컴 지금까지 믿고 썼는데 ㅠㅠ 만원 넘게 주고 온 리조트 아다에서 만 원에 예약되는 거 보고 기겁했어요 ㅠㅠ 하필 이번 예약은 환불도 안 돼서 단단히 호갱 당하고 가네요ㅠ
9063,총수 박일수에 따라 합계금액이 함께 표시되어서 편합니다
9064,예약 변경 중에 결제방법 변경이 없어서 아쉽습니다 결제 방 밤 변경 때문에 취소를 번 했어요 ㅠㅠ
9065,여행 가서 정말 잘 사용했습니다 다만 실시간 표기 금액과 실제 금액이 좀 더 높습니다
9066,결제할 때 카드가 한정되어 있어서 불편해요
9067,펜션 예약을 했는데 계좌이체로 결제했다 해서 이틀 뒤에 결제 실패라고 예약 안 됐다고 환불해준다고 연락 와선 내가 예약한 객실 다시 확보 못해준다고 재어 예약 안 된다고 다른 남은 객실 예약하라는 건 무슨 개 같은 경우 계좌이체라도 예약하자마자 입금하고 예약 확인까지 했었는데 이틀 뒤에 전화 와 서예 약 안 됐다고 그러고 선환불금도 바로 돌려주지도 않고 결제할 때 썼던 쿠폰도 안 돌려주고 전산 핑계 대면서 어쩔 수 없는 부분이라고 해줄 수 있는 게 환불뿐이라고 이용에 불편 드려 죄송하다 고개 소리 하네 진짜 관리 이따위로 해라 하 최악이 네 진짜
9068,아니 체크인 시간이 지났으면 상품으로 올리면 안 돼 지 체크인이 안 되는데 돈 받는 건 무슨 양심인지
9069,호텔스닷컴 열심히 쓰면서 무료 숙박도 한 번 정도 했네요 덕을 많이 보긴 했는데 아쉬운 점은 실제 금액보다 서비스 세금까지 붙으면 기재된 금액 보다 정도 비싸지는 부분 다른 숙박 예약도 그렇지만 호텔스닷컴은 유난히 좀 많이 붙는 거 같아요
9070,매일매일 특가 떠서 재미있어 요가 끔 좋은 호텔을 환상적인 가격으로 가요 ㅎㅎ
9071,요금이 처음 검색 때부터 아예 수수료 포함된 최종 가격을 보여줬으면 좋겠다
9072,호스트는 손해만 보고 눈치만 봐야 되는 시스템
9073,결제 카드 등록이 안 돼요
9074,정말 이렇게 결제수단 등록이 들어서야 도저히 사용할 수가 없어 요 한국 기업이 이 딴 식으로 하면 진짜 더럽게 욕먹을 텐데 구글이나 에어비앤비나 도대체 유명한 곳들이 왜 이러는지 여행 가고 싶어서 기분 좋게 검색 다 끝내고 결정했는데 마지막 결제가 안 되네요 처음 부테 결제는 이렇다고 안내도 없고 네이버에 에어비앤비 결제 오류 뒤져서 겨우겨우 알아서 찾아야 하고 도대체 이런 거지 같은 앱이라니 이렇게라도 해야 속이 좀 풀릴 거 같아 길게 쓰네요
9075,별 한 개도 아까 암내가 예약한 숙소에 문의해보니 예약 변경이 가능하지만 데일리호텔에서는 수수료를 뗌 취소를 해야만 예약 변경이 되는 어처구니없는 시스템 앞으로 절대 이용할 마음 없음
9076,메뉴바가 홈에 많았고 결제 등 중간 과정에 없어서 홈으로 가려면 계속 백을 눌려야 해요 보완 필요
9077,장점 한국어 어눌하게 하는   나 외국인이 고객센터를 관리하기 때문에 쌍욕 해도 못 알아들을 것 같다 단점 개판 같은 결제 시스템 어플로 결제수단 삭제도 못하고 제 맘대로 카드 선택해서 결제됨 ㅋㅋㅋㅋ 명시성 없는 지도 지도가 너무 명시 성도 없고 건물 표시도 개판 오 분 전이 다 차라리 대동여지도를 갖다 두는 게 더 찾기 편할 수도 있다고 객은 대 한국인이 존재하지 않는 건지 계속 이상한 맞춤법에 같은 말만 반복하면서 대답하는데 최소한 한국에서는 실시간 상담을 없애버리는 게 사람들한테 더 만족감을 줄 것 같다 총평 한국에서 장사하려면 최소한 한국인 한 명은 갖다 놔야 원활한 고객지원이 될 거 같고 애플리케이션 개발 인원을 늘리던가 해서 결제 같은 시스템에서 보완을 하는 게 맞는다고 봄
9078,검색과 예약이 편하고 좋아요 카드 결제할 때 간편 결제가 안 되고 카드번호 정보 모두 입력해야 해서 아주 조금 번거롭네요
9079,필요 정보 탑재 변경도 쉬웠음
9080,숙소 예약하기가 너무 편하고 신용카드 결제가 없어서 더 좋네요
9081,인생 첫 어플 후기 남겨봅니다 진짜 개쓰레기 어플이에요 쓰지 마세요 여러분 예약해뒀더니 가격이 이 가격이 아니라고 예약 취소해달라고 하질 않나 현장 결제로 해놨는데 바로 통장에서 돈 뽑아가버리는 클래스 결제 금액도 해외 수수료 붙어서 최종 가격보다 더 나가버리는 클래스 개 쒀 레기 어플 쓰지 마세요 여러분 수 명 단축됩니다
9082,사용이 너무 불편해 요 숙소 주소는 결제해야 알려주고 결제하고 난 뒤에 갑자기 사진 달라고 해요
9083,결제하기 편하고 분류도 잘 되어 있고 쿠폰도 많아서 좋았습니다 코로나 때문에 든 숙박업소가 데일리호텔 때문에 조금이라도 흥하면 좋겠습니다 덕분에 스카이베이 호텔에서 잘 수 있었습니다 깨끗하고 주변 위치도 좋고 굿
9084,모든 것이 항상 완벽 저는 오랜 기관         호텔을 사용하였습니다 한국 미국 모든 면이 간단하고 어렵지 않아서 너무 감사합니다
9085,정확하고 빠른 호텔 정보 전달부터 체크인 전 알림 및 메시지가 너무 도움이 되었어요 앞으로도 숙박 예약 때는 꼭 데일리호텔 앱을 이용할 예정이에요
9086,년 지기 친구의 생일을 축하해 주려고 네이버 예약을 들어갔는데 없어서 우리에게 좋은 레스토랑은 아닌가 보다 하고 좌절하고 있던 중구 세주처럼 데일리호텔에 예약 가능이 뜨더라고요 이틀 남았는데 강제 취소되면 어쩌나 고민했는데 아침부터 예약 확인 알림이 와서 안도했습니다 기다릴 필요도 없이 이름만으로 바로 확인해주시고 서비스도 너무 좋았고 맛도 좋았을뿐더러 나갈 때 계산 시에도 이름 확인하시고 계산 완료되었다고 해주셔서 바로 퇴장할 수 있었음 다 남양주에 살고 있어 닭 울기 전부터 준비해서 시간 빠듯하게 도착했지만 제 인생을 함께 걸어가 줄 친구와 맛있는 식사를 할 수 있게 해주셔서 감사합니다 앞으로는 다른 곳 검색할 필요도 없이 디렉트로 데일리호텔을 이용해야겠습니다 좋은 시간 갖게 해주셔서 감사합니다
9087,호스트와 연락이 안 되는 예약 건 이번 연속 있었고 첫 번째 예약이 안 돼서 보상 쿠폰을 받았으나 번째 또 불미스러운 일이 발생하고 호스트와 통화 후 아무것도 모른다고 에어비앤비랑 얘기하라고 합니다 에어비앤비는 무작정 여행 날 나갈 올 때까지 기다리라고 하고 직접 취소하면 보상 쿠폰은 다시 사용을 못 한다고 합니다 여행 다 갈 올 때까지 기다렸다가 예약할 곳 사라진 후에 집을 찾으라는 건지 보상 쿠폰을 주지만 사용은 못 하게 하고 호스트가 회사를 그만뒀다고 모른다고 하고 개인 거래한 자고 호스트가 유인하고 그냥 이런 단점이 있어요
9088,호텔스닷컴은 항상 편리합니다 근데 카드가 결제되는 시간이 한정되어 있어요 아침에는 어떤 카드로 예약하려고 해도 수십 번 시도해도 전부 안 되고 심지어 왜 안 되는지 안내도 없습니다 저녁 시에 하면 한 번에 예약됩니다 아마 국제 서버의 카드사 단 말하고 연결하는 시간차가 있어 그런 듯한데 안 되면 그 이유나 제대로 표기해주세요
9089,카드 등록은 되는데 삭제하려 하니 카드만 등록하라는 창만 뜨네요 요즘 에어 비엔 비 카드 도용 사건도 많아서 삭제하려 했더니 만두용을 막지 못할뿐더러 삭제도 안 된다니 최악입니다 여행을 위해서 이용하긴 하겠지만 다음엔 최대한 이용 안 하지 싶어요
9090,가격 좋은 곳이 있길래 예약해 두고 저녁 시분에 숙소 앞에 도착했더니 고객센터에서 전화 와 서 요금이 잘못 나왔다고 원래 요금을 지불하고 묵을 건지 취소할 건지 정하래요 야 밤에 취소하고 부랴부랴 다른 숙소 잡아서 또 지하철 타고 이동했네요 요금 잘못 적은 건 업체인데 왜 우리가 손해를 봐야 하죠
9091,시스템 불안정 너무 자주 버그가 일어나는 거 같아요
9092,각 지역에 안내도 잘 되어 있고 다만 회원가가 적용이 안 돼요 그래도 낯선 곳에서 쉽게 숙박업소를 찾을 수 있어 좋네요
9093,별로 요금 사용하지 많아서 코로나 때문에
9094,빠르고 간편하게 최고의 숙박시설을 가장 좋은 가격으로 찾아주고 결제 시스템도 너무 간단함
9095,별 하나도 아까워요 예약이 튕겨서 다시 예약하고 나중에 보니 중복 예약돼서 신용카드로 금액은 나가네요 어플에 예약 예정됨에도 하나만 보였다가 잘못된 예약 체크아웃 날짜 지나고 두 개로 뜨네요 예약 안 된 건까지 뭔가 요 호텔스닷컴 쓰지 마세요
9096,카카오페이 결제가 돼서 편함
9097,여행의 필수 어플 원만 하면 한곳만 파는 게 대세
9098,   최악 숙소 예약 때문에 어쩔 수 없이 사용하지만 신용카드 결제 부분에 관해서는 나아지는 게 없는 것 같아요
9099,숙박 앱 중 가격도 저렴하고 정보도 다양하고 좋았습니다 대만족입니다
9100,갑자기 수신 동의 변경 메일이 도착했어요 수신 동의 한 적도 없는데 오늘 오후 시분 초에 변경됐다네요 누가 동의한 건가요 저는 안 했는데 고객 정보 동의 없이 변경하는 건가요
9101,복지카드 준비 건 외형 안 복지관 선생님 슬게 샘 같이 오세요
